customer_id,first_name,last_name,email,signup_date,city,state
1,Omkar,Ghosh,omkar_ghosh1@gmail.com,2025-03-07,Bangalore,Karnataka
2,Swati,Ghosh,swati_ghosh2@gmail.com,2025-11-02,Hyderabad,Telangana
3,Arjun,Shetty,arjun_shetty3@gmail.com,2025-04-02,Lucknow,Uttar Pradesh
4,Krishna,Reddy,krishna_reddy4@gmail.com,2024-05-17,Chandigarh,Chandigarh
5,Harsha,Mishra,harsha_mishra5@gmail.com,2025-03-12,Lucknow,Uttar Pradesh
6,Priya,Saxena,priya_saxena6@gmail.com,2024-05-18,Hyderabad,Telangana
7,Tanvi,Saxena,tanvi_saxena7@gmail.com,2025-01-15,Lucknow,Uttar Pradesh
8,Deepika,Ghosh,deepika_ghosh8@gmail.com,2025-04-12,Lucknow,Uttar Pradesh
9,Aditya,Choudhary,aditya_choudhary9@gmail.com,2025-09-19,Pune,Maharashtra
10,Rohit,Sharma,rohit_sharma10@gmail.com,2025-08-17,Chennai,Tamil Nadu
11,Tejas,Das,tejas_das11@gmail.com,2024-06-26,Chennai,Tamil Nadu
12,Neha,Malhotra,neha_malhotra12@gmail.com,2024-08-02,Bhopal,Madhya Pradesh
13,Aditya,Kapoor,aditya_kapoor13@gmail.com,2025-01-09,Lucknow,Uttar Pradesh
14,Ananya,Kapoor,ananya_kapoor14@gmail.com,2024-05-26,Mumbai,Maharashtra
15,Pooja,Malhotra,pooja_malhotra15@gmail.com,2025-02-05,Nagpur,Maharashtra
16,Vihaan,Patel,vihaan_patel16@gmail.com,2025-02-03,Bangalore,Karnataka
17,Aarav,Rao,aarav_rao17@gmail.com,2025-03-16,Hyderabad,Telangana
18,Ishaan,Patel,ishaan_patel18@gmail.com,2024-08-14,Jaipur,Rajasthan
19,Vivaan,Yadav,vivaan_yadav19@gmail.com,2024-08-09,Lucknow,Uttar Pradesh
20,Harsha,Desai,harsha_desai20@gmail.com,2024-03-30,Bhopal,Madhya Pradesh
21,Nikhil,Chatterjee,nikhil_chatterjee21@gmail.com,2025-09-27,Ahmedabad,Gujarat
22,Sai,Verma,sai_verma22@gmail.com,2024-04-10,Hyderabad,Telangana
23,Omkar,Saxena,omkar_saxena23@gmail.com,2024-09-15,Indore,Madhya Pradesh
24,Deepika,Naidu,deepika_naidu24@gmail.com,2024-03-01,Jaipur,Rajasthan
25,Karan,Ghosh,karan_ghosh25@gmail.com,2024-09-07,Bangalore,Karnataka
26,Meera,Iyer,meera_iyer26@gmail.com,2024-10-19,Bangalore,Karnataka
27,Priya,Menon,priya_menon27@gmail.com,2025-01-28,Hyderabad,Telangana
28,Vivaan,Malhotra,vivaan_malhotra28@gmail.com,2025-04-21,Mumbai,Maharashtra
29,Deepika,Agarwal,deepika_agarwal29@gmail.com,2025-07-29,Jaipur,Rajasthan
30,Reyansh,Mishra,reyansh_mishra30@gmail.com,2024-11-28,Nagpur,Maharashtra
31,Sai,Choudhary,sai_choudhary31@gmail.com,2024-11-16,Indore,Madhya Pradesh
32,Vikram,Sharma,vikram_sharma32@gmail.com,2024-06-06,Mumbai,Maharashtra
33,Sai,Reddy,sai_reddy33@gmail.com,2024-03-18,Hyderabad,Telangana
34,Ishaan,Menon,ishaan_menon34@gmail.com,2024-06-02,Bangalore,Karnataka
35,Tejas,Pillai,tejas_pillai35@gmail.com,2025-10-23,Mumbai,Maharashtra
36,Diya,Singh,diya_singh36@gmail.com,2024-12-10,Delhi,Delhi
37,Reyansh,Das,reyansh_das37@gmail.com,2025-04-12,Kolkata,West Bengal
38,Ananya,Nair,ananya_nair38@gmail.com,2025-10-08,Jaipur,Rajasthan
39,Sneha,Shetty,sneha_shetty39@gmail.com,2024-10-14,Mumbai,Maharashtra
40,Yash,Pandey,yash_pandey40@gmail.com,2024-09-01,Bhopal,Madhya Pradesh
41,Myra,Khan,myra_khan41@gmail.com,2024-03-18,Chennai,Tamil Nadu
42,Vihaan,Bansal,vihaan_bansal42@gmail.com,2024-05-22,Kochi,Kerala
43,Ishaan,Shetty,ishaan_shetty43@gmail.com,2024-05-10,Nagpur,Maharashtra
44,Myra,Singh,myra_singh44@gmail.com,2024-03-31,Bangalore,Karnataka
45,Saanvi,Saxena,saanvi_saxena45@gmail.com,2025-09-28,Kochi,Kerala
46,Aadhya,Menon,aadhya_menon46@gmail.com,2024-01-24,Hyderabad,Telangana
47,Rahul,Chatterjee,rahul_chatterjee47@gmail.com,2024-10-11,Mumbai,Maharashtra
48,Ira,Menon,ira_menon48@gmail.com,2024-02-07,Lucknow,Uttar Pradesh
49,Krishna,Tiwari,krishna_tiwari49@gmail.com,2024-09-27,Ahmedabad,Gujarat
50,Diya,Shetty,diya_shetty50@gmail.com,2025-11-25,Ahmedabad,Gujarat
51,Karan,Iyer,karan_iyer51@gmail.com,2024-01-24,Lucknow,Uttar Pradesh
52,Diya,Desai,diya_desai52@gmail.com,2025-09-03,Kochi,Kerala
53,Swati,Nair,swati_nair53@gmail.com,2025-11-11,Bangalore,Karnataka
54,Harsha,Nair,harsha_nair54@gmail.com,2024-09-28,Hyderabad,Telangana
55,Riya,Chatterjee,riya_chatterjee55@gmail.com,2024-01-18,Hyderabad,Telangana
56,Reyansh,Rao,reyansh_rao56@gmail.com,2025-07-03,Chandigarh,Chandigarh
57,Arjun,Singh,arjun_singh57@gmail.com,2024-07-29,Bhopal,Madhya Pradesh
58,Omkar,Reddy,omkar_reddy58@gmail.com,2024-03-13,Bhopal,Madhya Pradesh
59,Vivaan,Pillai,vivaan_pillai59@gmail.com,2024-05-10,Hyderabad,Telangana
60,Ananya,Patel,ananya_patel60@gmail.com,2025-07-17,Hyderabad,Telangana
61,Rohit,Chatterjee,rohit_chatterjee61@gmail.com,2025-11-29,Kolkata,West Bengal
62,Diya,Menon,diya_menon62@gmail.com,2025-05-10,Kolkata,West Bengal
63,Yash,Mishra,yash_mishra63@gmail.com,2025-05-30,Ahmedabad,Gujarat
64,Tejas,Agarwal,tejas_agarwal64@gmail.com,2024-01-06,Nagpur,Maharashtra
65,Sneha,Saxena,sneha_saxena65@gmail.com,2024-01-10,Kolkata,West Bengal
66,Riya,Bansal,riya_bansal66@gmail.com,2025-03-09,Lucknow,Uttar Pradesh
67,Tanvi,Sharma,tanvi_sharma67@gmail.com,2025-10-09,Indore,Madhya Pradesh
68,Arjun,Kapoor,arjun_kapoor68@gmail.com,2024-08-31,Nagpur,Maharashtra
69,Neha,Kulkarni,neha_kulkarni69@gmail.com,2024-01-08,Chandigarh,Chandigarh
70,Priya,Joshi,priya_joshi70@gmail.com,2024-07-02,Kochi,Kerala
71,Vikram,Choudhary,vikram_choudhary71@gmail.com,2025-11-28,Ahmedabad,Gujarat
72,Sneha,Rao,sneha_rao72@gmail.com,2024-04-08,Chandigarh,Chandigarh
73,Kavya,Joshi,kavya_joshi73@gmail.com,2024-12-20,Kochi,Kerala
74,Ishaan,Malhotra,ishaan_malhotra74@gmail.com,2024-03-16,Jaipur,Rajasthan
75,Ananya,Bansal,ananya_bansal75@gmail.com,2025-11-05,Bangalore,Karnataka
76,Aadhya,Bansal,aadhya_bansal76@gmail.com,2025-01-23,Mumbai,Maharashtra
77,Krishna,Patel,krishna_patel77@gmail.com,2025-02-09,Indore,Madhya Pradesh
78,Tanvi,Menon,tanvi_menon78@gmail.com,2025-01-06,Jaipur,Rajasthan
79,Swati,Agarwal,swati_agarwal79@gmail.com,2025-09-09,Indore,Madhya Pradesh
80,Rahul,Verma,rahul_verma80@gmail.com,2024-04-06,Hyderabad,Telangana
81,Deepika,Sharma,deepika_sharma81@gmail.com,2024-07-24,Kolkata,West Bengal
82,Myra,Tiwari,myra_tiwari82@gmail.com,2025-10-17,Hyderabad,Telangana
83,Omkar,Iyer,omkar_iyer83@gmail.com,2024-04-13,Mumbai,Maharashtra
84,Manish,Mishra,manish_mishra84@gmail.com,2025-03-28,Jaipur,Rajasthan
85,Vikram,Ghosh,vikram_ghosh85@gmail.com,2025-02-24,Indore,Madhya Pradesh
86,Neha,Tiwari,neha_tiwari86@gmail.com,2024-03-08,Bhopal,Madhya Pradesh
87,Ira,Kapoor,ira_kapoor87@gmail.com,2025-01-14,Lucknow,Uttar Pradesh
88,Sneha,Yadav,sneha_yadav88@gmail.com,2025-05-15,Hyderabad,Telangana
89,Aarav,Mishra,aarav_mishra89@gmail.com,2025-11-28,Nagpur,Maharashtra
90,Vikram,Bansal,vikram_bansal90@gmail.com,2024-12-22,Jaipur,Rajasthan
91,Rahul,Kapoor,rahul_kapoor91@gmail.com,2024-06-21,Nagpur,Maharashtra
92,Karan,Yadav,karan_yadav92@gmail.com,2024-06-25,Mumbai,Maharashtra
93,Pooja,Kapoor,pooja_kapoor93@gmail.com,2025-09-22,Jaipur,Rajasthan
94,Vihaan,Sharma,vihaan_sharma94@gmail.com,2025-08-02,Chennai,Tamil Nadu
95,Swati,Yadav,swati_yadav95@gmail.com,2024-02-26,Kolkata,West Bengal
96,Pooja,Khan,pooja_khan96@gmail.com,2024-09-22,Kolkata,West Bengal
97,Anika,Pillai,anika_pillai97@gmail.com,2024-12-15,Mumbai,Maharashtra
98,Priya,Choudhary,priya_choudhary98@gmail.com,2025-01-24,Mumbai,Maharashtra
99,Shruti,Shetty,shruti_shetty99@gmail.com,2025-02-19,Pune,Maharashtra
100,Rohit,Khan,rohit_khan100@gmail.com,2024-12-18,Mumbai,Maharashtra
101,Kavya,Pillai,kavya_pillai101@gmail.com,2025-04-08,Chennai,Tamil Nadu
102,Ishaan,Desai,ishaan_desai102@gmail.com,2024-03-01,Indore,Madhya Pradesh
103,Varun,Khan,varun_khan103@gmail.com,2025-07-20,Bangalore,Karnataka
104,Swati,Menon,swati_menon104@gmail.com,2025-10-02,Indore,Madhya Pradesh
105,Aarav,Bansal,aarav_bansal105@gmail.com,2024-08-24,Pune,Maharashtra
106,Varun,Pillai,varun_pillai106@gmail.com,2025-03-27,Indore,Madhya Pradesh
107,Priya,Iyer,priya_iyer107@gmail.com,2024-11-16,Hyderabad,Telangana
108,Tanvi,Verma,tanvi_verma108@gmail.com,2025-08-21,Kolkata,West Bengal
109,Aarav,Desai,aarav_desai109@gmail.com,2024-02-14,Ahmedabad,Gujarat
110,Myra,Sharma,myra_sharma110@gmail.com,2025-10-28,Delhi,Delhi
111,Meera,Menon,meera_menon111@gmail.com,2024-06-10,Bhopal,Madhya Pradesh
112,Swati,Desai,swati_desai112@gmail.com,2024-05-18,Hyderabad,Telangana
113,Priya,Yadav,priya_yadav113@gmail.com,2024-08-10,Chennai,Tamil Nadu
114,Rahul,Sharma,rahul_sharma114@gmail.com,2025-02-28,Chandigarh,Chandigarh
115,Vivaan,Rao,vivaan_rao115@gmail.com,2025-07-05,Hyderabad,Telangana
116,Vihaan,Desai,vihaan_desai116@gmail.com,2025-07-13,Chennai,Tamil Nadu
117,Aarav,Saxena,aarav_saxena117@gmail.com,2025-05-02,Chennai,Tamil Nadu
118,Krishna,Bansal,krishna_bansal118@gmail.com,2025-01-05,Chennai,Tamil Nadu
119,Vivaan,Gupta,vivaan_gupta119@gmail.com,2024-05-08,Nagpur,Maharashtra
120,Ananya,Choudhary,ananya_choudhary120@gmail.com,2025-03-15,Chandigarh,Chandigarh
121,Lavanya,Singh,lavanya_singh121@gmail.com,2024-12-10,Lucknow,Uttar Pradesh
122,Karan,Menon,karan_menon122@gmail.com,2024-01-30,Lucknow,Uttar Pradesh
123,Neha,Ghosh,neha_ghosh123@gmail.com,2024-01-04,Mumbai,Maharashtra
124,Harsha,Kulkarni,harsha_kulkarni124@gmail.com,2025-01-03,Ahmedabad,Gujarat
125,Vivaan,Bansal,vivaan_bansal125@gmail.com,2025-03-10,Bangalore,Karnataka
126,Diya,Kulkarni,diya_kulkarni126@gmail.com,2025-03-18,Lucknow,Uttar Pradesh
127,Pooja,Yadav,pooja_yadav127@gmail.com,2024-11-03,Mumbai,Maharashtra
128,Shruti,Saxena,shruti_saxena128@gmail.com,2025-03-29,Hyderabad,Telangana
129,Sai,Kapoor,sai_kapoor129@gmail.com,2025-06-14,Kochi,Kerala
130,Ira,Saxena,ira_saxena130@gmail.com,2025-08-22,Pune,Maharashtra
131,Myra,Patel,myra_patel131@gmail.com,2025-01-18,Hyderabad,Telangana
132,Priya,Reddy,priya_reddy132@gmail.com,2025-08-21,Chennai,Tamil Nadu
133,Karan,Khan,karan_khan133@gmail.com,2025-12-11,Ahmedabad,Gujarat
134,Tanvi,Choudhary,tanvi_choudhary134@gmail.com,2025-11-10,Hyderabad,Telangana
135,Ananya,Agarwal,ananya_agarwal135@gmail.com,2025-06-12,Chennai,Tamil Nadu
136,Reyansh,Tiwari,reyansh_tiwari136@gmail.com,2024-12-13,Hyderabad,Telangana
137,Harsha,Chatterjee,harsha_chatterjee137@gmail.com,2025-06-19,Indore,Madhya Pradesh
138,Varun,Choudhary,varun_choudhary138@gmail.com,2025-12-08,Kochi,Kerala
139,Kavya,Kapoor,kavya_kapoor139@gmail.com,2024-08-26,Chandigarh,Chandigarh
140,Aarav,Naidu,aarav_naidu140@gmail.com,2024-03-22,Mumbai,Maharashtra
141,Yash,Malhotra,yash_malhotra141@gmail.com,2025-10-29,Kolkata,West Bengal
142,Krishna,Desai,krishna_desai142@gmail.com,2025-04-21,Jaipur,Rajasthan
143,Sneha,Das,sneha_das143@gmail.com,2024-03-01,Jaipur,Rajasthan
144,Rahul,Khan,rahul_khan144@gmail.com,2024-04-16,Delhi,Delhi
145,Myra,Choudhary,myra_choudhary145@gmail.com,2025-12-16,Indore,Madhya Pradesh
146,Reyansh,Gupta,reyansh_gupta146@gmail.com,2024-09-13,Mumbai,Maharashtra
147,Yash,Yadav,yash_yadav147@gmail.com,2024-07-19,Bangalore,Karnataka
148,Aadhya,Joshi,aadhya_joshi148@gmail.com,2025-01-21,Delhi,Delhi
149,Krishna,Saxena,krishna_saxena149@gmail.com,2024-07-19,Jaipur,Rajasthan
150,Manish,Joshi,manish_joshi150@gmail.com,2025-09-28,Nagpur,Maharashtra
151,Rohit,Singh,rohit_singh151@gmail.com,2025-09-02,Chennai,Tamil Nadu
152,Vihaan,Mishra,vihaan_mishra152@gmail.com,2025-07-09,Jaipur,Rajasthan
153,Arjun,Verma,arjun_verma153@gmail.com,2025-11-02,Hyderabad,Telangana
154,Kavya,Iyer,kavya_iyer154@gmail.com,2024-05-27,Ahmedabad,Gujarat
155,Meera,Agarwal,meera_agarwal155@gmail.com,2025-05-25,Lucknow,Uttar Pradesh
156,Aadhya,Iyer,aadhya_iyer156@gmail.com,2024-09-06,Ahmedabad,Gujarat
157,Vihaan,Choudhary,vihaan_choudhary157@gmail.com,2024-04-20,Bhopal,Madhya Pradesh
158,Arjun,Yadav,arjun_yadav158@gmail.com,2025-12-18,Lucknow,Uttar Pradesh
159,Shruti,Gupta,shruti_gupta159@gmail.com,2024-01-04,Ahmedabad,Gujarat
160,Priya,Ghosh,priya_ghosh160@gmail.com,2025-12-17,Kolkata,West Bengal
161,Anika,Saxena,anika_saxena161@gmail.com,2024-05-01,Ahmedabad,Gujarat
162,Myra,Bansal,myra_bansal162@gmail.com,2024-03-31,Chandigarh,Chandigarh
163,Sneha,Khan,sneha_khan163@gmail.com,2025-07-17,Kochi,Kerala
164,Deepika,Verma,deepika_verma164@gmail.com,2025-01-12,Mumbai,Maharashtra
165,Sneha,Iyer,sneha_iyer165@gmail.com,2024-02-10,Hyderabad,Telangana
166,Omkar,Patel,omkar_patel166@gmail.com,2025-06-12,Bangalore,Karnataka
167,Varun,Yadav,varun_yadav167@gmail.com,2024-07-24,Indore,Madhya Pradesh
168,Saanvi,Choudhary,saanvi_choudhary168@gmail.com,2025-12-19,Kochi,Kerala
169,Ishaan,Reddy,ishaan_reddy169@gmail.com,2024-09-06,Bhopal,Madhya Pradesh
170,Manish,Tiwari,manish_tiwari170@gmail.com,2025-02-15,Pune,Maharashtra
171,Deepika,Saxena,deepika_saxena171@gmail.com,2024-04-16,Chandigarh,Chandigarh
172,Ishaan,Yadav,ishaan_yadav172@gmail.com,2025-12-04,Chandigarh,Chandigarh
173,Shaurya,Kapoor,shaurya_kapoor173@gmail.com,2024-03-04,Bhopal,Madhya Pradesh
174,Priya,Chatterjee,priya_chatterjee174@gmail.com,2024-12-19,Nagpur,Maharashtra
175,Shaurya,Das,shaurya_das175@gmail.com,2024-11-28,Kolkata,West Bengal
176,Vikram,Mishra,vikram_mishra176@gmail.com,2024-04-24,Hyderabad,Telangana
177,Deepika,Desai,deepika_desai177@gmail.com,2025-08-29,Kochi,Kerala
178,Reyansh,Kapoor,reyansh_kapoor178@gmail.com,2025-08-04,Nagpur,Maharashtra
179,Yash,Choudhary,yash_choudhary179@gmail.com,2025-01-04,Jaipur,Rajasthan
180,Priya,Nair,priya_nair180@gmail.com,2025-08-07,Pune,Maharashtra
181,Anika,Joshi,anika_joshi181@gmail.com,2024-10-28,Ahmedabad,Gujarat
182,Riya,Iyer,riya_iyer182@gmail.com,2024-05-28,Lucknow,Uttar Pradesh
183,Diya,Gupta,diya_gupta183@gmail.com,2024-07-06,Chennai,Tamil Nadu
184,Kavya,Choudhary,kavya_choudhary184@gmail.com,2025-01-06,Lucknow,Uttar Pradesh
185,Manish,Ghosh,manish_ghosh185@gmail.com,2025-07-23,Jaipur,Rajasthan
186,Krishna,Choudhary,krishna_choudhary186@gmail.com,2025-02-06,Bangalore,Karnataka
187,Sai,Das,sai_das187@gmail.com,2025-07-07,Chandigarh,Chandigarh
188,Sneha,Bansal,sneha_bansal188@gmail.com,2025-04-02,Chennai,Tamil Nadu
189,Harsha,Bansal,harsha_bansal189@gmail.com,2025-03-28,Indore,Madhya Pradesh
190,Rahul,Menon,rahul_menon190@gmail.com,2025-07-06,Kolkata,West Bengal
191,Vihaan,Kulkarni,vihaan_kulkarni191@gmail.com,2025-08-10,Delhi,Delhi
192,Swati,Iyer,swati_iyer192@gmail.com,2025-04-04,Jaipur,Rajasthan
193,Meera,Kulkarni,meera_kulkarni193@gmail.com,2025-10-10,Pune,Maharashtra
194,Ira,Ghosh,ira_ghosh194@gmail.com,2024-05-12,Ahmedabad,Gujarat
195,Arjun,Desai,arjun_desai195@gmail.com,2025-05-23,Indore,Madhya Pradesh
196,Lavanya,Menon,lavanya_menon196@gmail.com,2025-09-27,Chennai,Tamil Nadu
197,Karan,Bansal,karan_bansal197@gmail.com,2025-10-22,Jaipur,Rajasthan
198,Priya,Shetty,priya_shetty198@gmail.com,2025-11-04,Indore,Madhya Pradesh
199,Tanvi,Rao,tanvi_rao199@gmail.com,2024-10-17,Hyderabad,Telangana
200,Krishna,Pillai,krishna_pillai200@gmail.com,2024-09-29,Jaipur,Rajasthan
201,Vivaan,Menon,vivaan_menon201@gmail.com,2024-05-29,Pune,Maharashtra
202,Meera,Singh,meera_singh202@gmail.com,2024-06-11,Nagpur,Maharashtra
203,Neha,Agarwal,neha_agarwal203@gmail.com,2024-01-18,Indore,Madhya Pradesh
204,Aarav,Khan,aarav_khan204@gmail.com,2024-12-30,Hyderabad,Telangana
205,Aarav,Patel,aarav_patel205@gmail.com,2025-11-05,Chennai,Tamil Nadu
206,Vikram,Patel,vikram_patel206@gmail.com,2024-10-28,Lucknow,Uttar Pradesh
207,Karan,Agarwal,karan_agarwal207@gmail.com,2025-07-09,Ahmedabad,Gujarat
208,Reyansh,Shetty,reyansh_shetty208@gmail.com,2024-12-06,Kochi,Kerala
209,Kavya,Verma,kavya_verma209@gmail.com,2024-05-01,Chennai,Tamil Nadu
210,Ishaan,Bansal,ishaan_bansal210@gmail.com,2025-06-24,Delhi,Delhi
211,Vihaan,Gupta,vihaan_gupta211@gmail.com,2024-02-08,Delhi,Delhi
212,Lavanya,Saxena,lavanya_saxena212@gmail.com,2024-12-18,Indore,Madhya Pradesh
213,Reyansh,Naidu,reyansh_naidu213@gmail.com,2025-03-04,Indore,Madhya Pradesh
214,Saanvi,Sharma,saanvi_sharma214@gmail.com,2025-05-28,Jaipur,Rajasthan
215,Pooja,Ghosh,pooja_ghosh215@gmail.com,2025-02-12,Chennai,Tamil Nadu
216,Krishna,Menon,krishna_menon216@gmail.com,2025-03-09,Kochi,Kerala
217,Ananya,Das,ananya_das217@gmail.com,2024-09-05,Lucknow,Uttar Pradesh
218,Nikhil,Naidu,nikhil_naidu218@gmail.com,2024-03-01,Kochi,Kerala
219,Rohit,Joshi,rohit_joshi219@gmail.com,2024-01-27,Bhopal,Madhya Pradesh
220,Meera,Patel,meera_patel220@gmail.com,2025-08-25,Hyderabad,Telangana
221,Deepika,Yadav,deepika_yadav221@gmail.com,2025-02-08,Lucknow,Uttar Pradesh
222,Tanvi,Gupta,tanvi_gupta222@gmail.com,2024-05-03,Pune,Maharashtra
223,Vivaan,Ghosh,vivaan_ghosh223@gmail.com,2024-10-14,Kolkata,West Bengal
224,Saanvi,Shetty,saanvi_shetty224@gmail.com,2025-09-10,Delhi,Delhi
225,Ira,Kulkarni,ira_kulkarni225@gmail.com,2024-10-23,Indore,Madhya Pradesh
226,Saanvi,Iyer,saanvi_iyer226@gmail.com,2024-12-14,Ahmedabad,Gujarat
227,Neha,Singh,neha_singh227@gmail.com,2025-01-18,Kolkata,West Bengal
228,Ishaan,Kapoor,ishaan_kapoor228@gmail.com,2025-09-04,Kochi,Kerala
229,Anika,Ghosh,anika_ghosh229@gmail.com,2025-04-18,Indore,Madhya Pradesh
230,Anika,Malhotra,anika_malhotra230@gmail.com,2024-07-13,Kochi,Kerala
231,Tejas,Joshi,tejas_joshi231@gmail.com,2025-02-07,Jaipur,Rajasthan
232,Rahul,Desai,rahul_desai232@gmail.com,2024-02-04,Lucknow,Uttar Pradesh
233,Myra,Das,myra_das233@gmail.com,2024-02-11,Jaipur,Rajasthan
234,Sai,Tiwari,sai_tiwari234@gmail.com,2025-06-30,Bhopal,Madhya Pradesh
235,Shruti,Reddy,shruti_reddy235@gmail.com,2024-02-28,Chandigarh,Chandigarh
236,Sneha,Nair,sneha_nair236@gmail.com,2025-04-04,Nagpur,Maharashtra
237,Arjun,Sharma,arjun_sharma237@gmail.com,2024-11-06,Kochi,Kerala
238,Sai,Sharma,sai_sharma238@gmail.com,2025-10-31,Mumbai,Maharashtra
239,Aarav,Verma,aarav_verma239@gmail.com,2024-08-28,Nagpur,Maharashtra
240,Ira,Pandey,ira_pandey240@gmail.com,2025-12-16,Pune,Maharashtra
241,Omkar,Sharma,omkar_sharma241@gmail.com,2024-11-20,Nagpur,Maharashtra
242,Pooja,Patel,pooja_patel242@gmail.com,2025-05-04,Bangalore,Karnataka
243,Aditya,Rao,aditya_rao243@gmail.com,2025-09-10,Mumbai,Maharashtra
244,Rahul,Yadav,rahul_yadav244@gmail.com,2025-08-28,Jaipur,Rajasthan
245,Vikram,Pillai,vikram_pillai245@gmail.com,2025-06-28,Kochi,Kerala
246,Arjun,Ghosh,arjun_ghosh246@gmail.com,2024-07-10,Mumbai,Maharashtra
247,Nikhil,Patel,nikhil_patel247@gmail.com,2025-01-20,Pune,Maharashtra
248,Neha,Reddy,neha_reddy248@gmail.com,2024-02-19,Lucknow,Uttar Pradesh
249,Rohit,Shetty,rohit_shetty249@gmail.com,2024-10-03,Chandigarh,Chandigarh
250,Tejas,Malhotra,tejas_malhotra250@gmail.com,2024-12-24,Ahmedabad,Gujarat
251,Priya,Mishra,priya_mishra251@gmail.com,2024-02-11,Ahmedabad,Gujarat
252,Neha,Mishra,neha_mishra252@gmail.com,2024-07-07,Chennai,Tamil Nadu
253,Anika,Naidu,anika_naidu253@gmail.com,2025-05-12,Lucknow,Uttar Pradesh
254,Harsha,Malhotra,harsha_malhotra254@gmail.com,2025-05-09,Mumbai,Maharashtra
255,Yash,Naidu,yash_naidu255@gmail.com,2024-03-21,Mumbai,Maharashtra
256,Meera,Ghosh,meera_ghosh256@gmail.com,2025-07-17,Kolkata,West Bengal
257,Diya,Rao,diya_rao257@gmail.com,2024-07-20,Chennai,Tamil Nadu
258,Ishaan,Khan,ishaan_khan258@gmail.com,2024-09-11,Chennai,Tamil Nadu
259,Pooja,Tiwari,pooja_tiwari259@gmail.com,2025-02-06,Delhi,Delhi
260,Tejas,Tiwari,tejas_tiwari260@gmail.com,2024-06-02,Lucknow,Uttar Pradesh
261,Sneha,Desai,sneha_desai261@gmail.com,2024-02-09,Chennai,Tamil Nadu
262,Aadhya,Agarwal,aadhya_agarwal262@gmail.com,2025-01-10,Delhi,Delhi
263,Shruti,Iyer,shruti_iyer263@gmail.com,2024-05-11,Mumbai,Maharashtra
264,Kavya,Tiwari,kavya_tiwari264@gmail.com,2024-11-23,Jaipur,Rajasthan
265,Vivaan,Shetty,vivaan_shetty265@gmail.com,2025-09-13,Lucknow,Uttar Pradesh
266,Priya,Singh,priya_singh266@gmail.com,2025-09-26,Chandigarh,Chandigarh
267,Rohit,Mishra,rohit_mishra267@gmail.com,2025-04-17,Ahmedabad,Gujarat
268,Omkar,Pandey,omkar_pandey268@gmail.com,2025-09-01,Jaipur,Rajasthan
269,Reyansh,Reddy,reyansh_reddy269@gmail.com,2024-07-05,Chandigarh,Chandigarh
270,Arjun,Joshi,arjun_joshi270@gmail.com,2025-01-26,Jaipur,Rajasthan
271,Harsha,Das,harsha_das271@gmail.com,2024-10-10,Bhopal,Madhya Pradesh
272,Harsha,Ghosh,harsha_ghosh272@gmail.com,2024-07-17,Chennai,Tamil Nadu
273,Vihaan,Verma,vihaan_verma273@gmail.com,2025-11-04,Mumbai,Maharashtra
274,Aadhya,Singh,aadhya_singh274@gmail.com,2024-11-10,Pune,Maharashtra
275,Krishna,Das,krishna_das275@gmail.com,2024-10-29,Jaipur,Rajasthan
276,Aadhya,Desai,aadhya_desai276@gmail.com,2024-09-28,Ahmedabad,Gujarat
277,Myra,Verma,myra_verma277@gmail.com,2025-05-07,Bhopal,Madhya Pradesh
278,Aadhya,Rao,aadhya_rao278@gmail.com,2025-06-23,Hyderabad,Telangana
279,Aditya,Saxena,aditya_saxena279@gmail.com,2024-11-22,Pune,Maharashtra
280,Aarav,Tiwari,aarav_tiwari280@gmail.com,2024-06-27,Bangalore,Karnataka
281,Saanvi,Reddy,saanvi_reddy281@gmail.com,2025-02-27,Jaipur,Rajasthan
282,Tanvi,Pillai,tanvi_pillai282@gmail.com,2025-11-22,Bangalore,Karnataka
283,Yash,Chatterjee,yash_chatterjee283@gmail.com,2024-04-05,Nagpur,Maharashtra
284,Pooja,Bansal,pooja_bansal284@gmail.com,2025-09-26,Lucknow,Uttar Pradesh
285,Tanvi,Chatterjee,tanvi_chatterjee285@gmail.com,2024-05-28,Bangalore,Karnataka
286,Ira,Malhotra,ira_malhotra286@gmail.com,2025-06-26,Chandigarh,Chandigarh
287,Nikhil,Pillai,nikhil_pillai287@gmail.com,2025-12-02,Nagpur,Maharashtra
288,Yash,Verma,yash_verma288@gmail.com,2024-01-13,Bangalore,Karnataka
289,Meera,Naidu,meera_naidu289@gmail.com,2025-02-23,Indore,Madhya Pradesh
290,Arjun,Choudhary,arjun_choudhary290@gmail.com,2025-03-10,Nagpur,Maharashtra
291,Anika,Iyer,anika_iyer291@gmail.com,2025-06-01,Ahmedabad,Gujarat
292,Riya,Patel,riya_patel292@gmail.com,2024-01-05,Lucknow,Uttar Pradesh
293,Ira,Mishra,ira_mishra293@gmail.com,2024-08-31,Jaipur,Rajasthan
294,Yash,Shetty,yash_shetty294@gmail.com,2025-01-07,Bhopal,Madhya Pradesh
295,Ananya,Malhotra,ananya_malhotra295@gmail.com,2025-07-09,Chennai,Tamil Nadu
296,Deepika,Menon,deepika_menon296@gmail.com,2024-01-02,Nagpur,Maharashtra
297,Shaurya,Shetty,shaurya_shetty297@gmail.com,2024-11-28,Hyderabad,Telangana
298,Lavanya,Joshi,lavanya_joshi298@gmail.com,2024-01-19,Pune,Maharashtra
299,Shruti,Kapoor,shruti_kapoor299@gmail.com,2025-01-25,Ahmedabad,Gujarat
300,Aadhya,Mishra,aadhya_mishra300@gmail.com,2024-01-30,Kochi,Kerala
301,Riya,Agarwal,riya_agarwal301@gmail.com,2024-09-01,Mumbai,Maharashtra
302,Kavya,Agarwal,kavya_agarwal302@gmail.com,2024-09-20,Kolkata,West Bengal
303,Vivaan,Reddy,vivaan_reddy303@gmail.com,2024-08-25,Bhopal,Madhya Pradesh
304,Vivaan,Kapoor,vivaan_kapoor304@gmail.com,2024-10-02,Kochi,Kerala
305,Krishna,Shetty,krishna_shetty305@gmail.com,2025-07-15,Pune,Maharashtra
306,Saanvi,Tiwari,saanvi_tiwari306@gmail.com,2024-10-05,Nagpur,Maharashtra
307,Lavanya,Patel,lavanya_patel307@gmail.com,2025-02-12,Chennai,Tamil Nadu
308,Kavya,Kulkarni,kavya_kulkarni308@gmail.com,2025-05-08,Kolkata,West Bengal
309,Harsha,Choudhary,harsha_choudhary309@gmail.com,2024-04-13,Kochi,Kerala
310,Rahul,Kulkarni,rahul_kulkarni310@gmail.com,2024-02-15,Chennai,Tamil Nadu
311,Diya,Verma,diya_verma311@gmail.com,2024-12-09,Hyderabad,Telangana
312,Aadhya,Saxena,aadhya_saxena312@gmail.com,2024-06-01,Kolkata,West Bengal
313,Shaurya,Mishra,shaurya_mishra313@gmail.com,2025-06-19,Kolkata,West Bengal
314,Tejas,Gupta,tejas_gupta314@gmail.com,2025-12-29,Bhopal,Madhya Pradesh
315,Anika,Reddy,anika_reddy315@gmail.com,2024-10-13,Bangalore,Karnataka
316,Manish,Naidu,manish_naidu316@gmail.com,2025-06-14,Pune,Maharashtra
317,Sai,Patel,sai_patel317@gmail.com,2025-03-10,Bhopal,Madhya Pradesh
318,Vivaan,Chatterjee,vivaan_chatterjee318@gmail.com,2025-07-15,Chennai,Tamil Nadu
319,Omkar,Tiwari,omkar_tiwari319@gmail.com,2025-04-18,Bangalore,Karnataka
320,Vihaan,Ghosh,vihaan_ghosh320@gmail.com,2025-10-28,Hyderabad,Telangana
321,Pooja,Kulkarni,pooja_kulkarni321@gmail.com,2025-05-31,Indore,Madhya Pradesh
322,Myra,Pillai,myra_pillai322@gmail.com,2024-09-11,Hyderabad,Telangana
323,Riya,Tiwari,riya_tiwari323@gmail.com,2024-04-13,Indore,Madhya Pradesh
324,Diya,Joshi,diya_joshi324@gmail.com,2024-04-30,Hyderabad,Telangana
325,Rahul,Reddy,rahul_reddy325@gmail.com,2025-08-29,Chennai,Tamil Nadu
326,Vivaan,Saxena,vivaan_saxena326@gmail.com,2024-04-09,Chandigarh,Chandigarh
327,Ira,Bansal,ira_bansal327@gmail.com,2024-09-12,Ahmedabad,Gujarat
328,Diya,Ghosh,diya_ghosh328@gmail.com,2025-08-22,Pune,Maharashtra
329,Swati,Kapoor,swati_kapoor329@gmail.com,2025-08-05,Kolkata,West Bengal
330,Tanvi,Pandey,tanvi_pandey330@gmail.com,2025-12-06,Indore,Madhya Pradesh
331,Neha,Kapoor,neha_kapoor331@gmail.com,2025-12-28,Bangalore,Karnataka
332,Pooja,Menon,pooja_menon332@gmail.com,2024-04-05,Pune,Maharashtra
333,Deepika,Mishra,deepika_mishra333@gmail.com,2024-11-11,Indore,Madhya Pradesh
334,Saanvi,Singh,saanvi_singh334@gmail.com,2025-05-22,Pune,Maharashtra
335,Kavya,Reddy,kavya_reddy335@gmail.com,2025-06-26,Nagpur,Maharashtra
336,Vivaan,Desai,vivaan_desai336@gmail.com,2024-07-23,Kolkata,West Bengal
337,Reyansh,Pillai,reyansh_pillai337@gmail.com,2025-11-13,Lucknow,Uttar Pradesh
338,Rahul,Gupta,rahul_gupta338@gmail.com,2024-02-02,Jaipur,Rajasthan
339,Myra,Iyer,myra_iyer339@gmail.com,2025-10-18,Kochi,Kerala
340,Neha,Verma,neha_verma340@gmail.com,2025-09-18,Ahmedabad,Gujarat
341,Shaurya,Ghosh,shaurya_ghosh341@gmail.com,2025-10-17,Chandigarh,Chandigarh
342,Manish,Choudhary,manish_choudhary342@gmail.com,2025-01-13,Lucknow,Uttar Pradesh
343,Tejas,Kapoor,tejas_kapoor343@gmail.com,2025-04-18,Kolkata,West Bengal
344,Saanvi,Das,saanvi_das344@gmail.com,2025-08-28,Chandigarh,Chandigarh
345,Riya,Ghosh,riya_ghosh345@gmail.com,2024-08-12,Kolkata,West Bengal
346,Omkar,Mishra,omkar_mishra346@gmail.com,2025-12-12,Kolkata,West Bengal
347,Riya,Gupta,riya_gupta347@gmail.com,2024-04-06,Kochi,Kerala
348,Shaurya,Bansal,shaurya_bansal348@gmail.com,2024-11-04,Delhi,Delhi
349,Shruti,Ghosh,shruti_ghosh349@gmail.com,2024-03-25,Kolkata,West Bengal
350,Shaurya,Gupta,shaurya_gupta350@gmail.com,2024-01-03,Pune,Maharashtra
351,Shruti,Choudhary,shruti_choudhary351@gmail.com,2025-06-14,Kochi,Kerala
352,Yash,Desai,yash_desai352@gmail.com,2024-01-30,Bhopal,Madhya Pradesh
353,Swati,Rao,swati_rao353@gmail.com,2024-04-24,Pune,Maharashtra
354,Ira,Sharma,ira_sharma354@gmail.com,2025-03-07,Jaipur,Rajasthan
355,Ananya,Tiwari,ananya_tiwari355@gmail.com,2025-11-13,Ahmedabad,Gujarat
356,Omkar,Kulkarni,omkar_kulkarni356@gmail.com,2024-01-15,Delhi,Delhi
357,Sneha,Pillai,sneha_pillai357@gmail.com,2025-07-04,Chennai,Tamil Nadu
358,Shruti,Pillai,shruti_pillai358@gmail.com,2024-04-23,Mumbai,Maharashtra
359,Diya,Mishra,diya_mishra359@gmail.com,2024-07-11,Chennai,Tamil Nadu
360,Shruti,Desai,shruti_desai360@gmail.com,2024-09-08,Lucknow,Uttar Pradesh
361,Shruti,Bansal,shruti_bansal361@gmail.com,2024-07-04,Nagpur,Maharashtra
362,Kavya,Desai,kavya_desai362@gmail.com,2024-02-07,Kochi,Kerala
363,Shaurya,Sharma,shaurya_sharma363@gmail.com,2025-10-24,Lucknow,Uttar Pradesh
364,Aditya,Pandey,aditya_pandey364@gmail.com,2024-10-27,Kochi,Kerala
365,Omkar,Rao,omkar_rao365@gmail.com,2025-10-09,Bhopal,Madhya Pradesh
366,Shaurya,Yadav,shaurya_yadav366@gmail.com,2024-06-10,Chandigarh,Chandigarh
367,Nikhil,Menon,nikhil_menon367@gmail.com,2025-11-27,Ahmedabad,Gujarat
368,Ananya,Ghosh,ananya_ghosh368@gmail.com,2024-08-10,Ahmedabad,Gujarat
369,Kavya,Shetty,kavya_shetty369@gmail.com,2025-08-23,Hyderabad,Telangana
370,Rohit,Agarwal,rohit_agarwal370@gmail.com,2024-07-22,Chennai,Tamil Nadu
371,Neha,Pandey,neha_pandey371@gmail.com,2024-06-01,Nagpur,Maharashtra
372,Lavanya,Khan,lavanya_khan372@gmail.com,2024-03-31,Hyderabad,Telangana
373,Deepika,Gupta,deepika_gupta373@gmail.com,2024-10-09,Chennai,Tamil Nadu
374,Kavya,Naidu,kavya_naidu374@gmail.com,2025-09-18,Nagpur,Maharashtra
375,Rahul,Choudhary,rahul_choudhary375@gmail.com,2024-03-09,Pune,Maharashtra
376,Neha,Patel,neha_patel376@gmail.com,2024-07-26,Ahmedabad,Gujarat
377,Nikhil,Tiwari,nikhil_tiwari377@gmail.com,2025-06-03,Delhi,Delhi
378,Kavya,Khan,kavya_khan378@gmail.com,2025-02-21,Kolkata,West Bengal
379,Aadhya,Sharma,aadhya_sharma379@gmail.com,2025-04-15,Mumbai,Maharashtra
380,Vihaan,Reddy,vihaan_reddy380@gmail.com,2025-03-13,Nagpur,Maharashtra
381,Pooja,Choudhary,pooja_choudhary381@gmail.com,2025-02-03,Pune,Maharashtra
382,Aditya,Das,aditya_das382@gmail.com,2025-10-03,Jaipur,Rajasthan
383,Reyansh,Joshi,reyansh_joshi383@gmail.com,2025-10-16,Bangalore,Karnataka
384,Manish,Gupta,manish_gupta384@gmail.com,2025-08-19,Chandigarh,Chandigarh
385,Diya,Reddy,diya_reddy385@gmail.com,2025-11-28,Bhopal,Madhya Pradesh
386,Aditya,Reddy,aditya_reddy386@gmail.com,2025-03-28,Hyderabad,Telangana
387,Arjun,Chatterjee,arjun_chatterjee387@gmail.com,2024-02-24,Chandigarh,Chandigarh
388,Vikram,Kulkarni,vikram_kulkarni388@gmail.com,2025-06-29,Bhopal,Madhya Pradesh
389,Rahul,Das,rahul_das389@gmail.com,2024-10-02,Jaipur,Rajasthan
390,Aadhya,Yadav,aadhya_yadav390@gmail.com,2025-10-04,Kolkata,West Bengal
391,Karan,Verma,karan_verma391@gmail.com,2025-04-20,Hyderabad,Telangana
392,Pooja,Das,pooja_das392@gmail.com,2025-06-17,Nagpur,Maharashtra
393,Aditya,Malhotra,aditya_malhotra393@gmail.com,2025-03-01,Bhopal,Madhya Pradesh
394,Ira,Shetty,ira_shetty394@gmail.com,2024-05-21,Jaipur,Rajasthan
395,Riya,Malhotra,riya_malhotra395@gmail.com,2025-01-06,Mumbai,Maharashtra
396,Diya,Tiwari,diya_tiwari396@gmail.com,2024-08-23,Lucknow,Uttar Pradesh
397,Varun,Kulkarni,varun_kulkarni397@gmail.com,2024-04-27,Indore,Madhya Pradesh
398,Diya,Bansal,diya_bansal398@gmail.com,2025-11-25,Indore,Madhya Pradesh
399,Myra,Menon,myra_menon399@gmail.com,2024-08-28,Hyderabad,Telangana
400,Karan,Pandey,karan_pandey400@gmail.com,2024-04-22,Indore,Madhya Pradesh
401,Myra,Joshi,myra_joshi401@gmail.com,2024-01-09,Mumbai,Maharashtra
402,Aditya,Yadav,aditya_yadav402@gmail.com,2025-10-08,Lucknow,Uttar Pradesh
403,Ananya,Gupta,ananya_gupta403@gmail.com,2024-01-07,Kolkata,West Bengal
404,Yash,Singh,yash_singh404@gmail.com,2024-09-03,Indore,Madhya Pradesh
405,Deepika,Khan,deepika_khan405@gmail.com,2025-02-27,Bangalore,Karnataka
406,Omkar,Yadav,omkar_yadav406@gmail.com,2024-06-14,Ahmedabad,Gujarat
407,Meera,Khan,meera_khan407@gmail.com,2025-05-26,Jaipur,Rajasthan
408,Harsha,Patel,harsha_patel408@gmail.com,2025-10-04,Hyderabad,Telangana
409,Tejas,Iyer,tejas_iyer409@gmail.com,2024-10-22,Chandigarh,Chandigarh
410,Reyansh,Verma,reyansh_verma410@gmail.com,2024-04-27,Bangalore,Karnataka
411,Lavanya,Pillai,lavanya_pillai411@gmail.com,2024-12-13,Pune,Maharashtra
412,Omkar,Malhotra,omkar_malhotra412@gmail.com,2024-12-05,Chennai,Tamil Nadu
413,Krishna,Malhotra,krishna_malhotra413@gmail.com,2025-01-14,Kolkata,West Bengal
414,Aadhya,Ghosh,aadhya_ghosh414@gmail.com,2025-04-09,Hyderabad,Telangana
415,Myra,Rao,myra_rao415@gmail.com,2025-06-18,Hyderabad,Telangana
416,Harsha,Iyer,harsha_iyer416@gmail.com,2025-03-29,Jaipur,Rajasthan
417,Arjun,Mishra,arjun_mishra417@gmail.com,2024-09-09,Bangalore,Karnataka
418,Swati,Chatterjee,swati_chatterjee418@gmail.com,2024-03-23,Hyderabad,Telangana
419,Varun,Sharma,varun_sharma419@gmail.com,2025-11-12,Bangalore,Karnataka
420,Aarav,Sharma,aarav_sharma420@gmail.com,2024-09-21,Indore,Madhya Pradesh
421,Myra,Chatterjee,myra_chatterjee421@gmail.com,2024-10-07,Indore,Madhya Pradesh
422,Aditya,Ghosh,aditya_ghosh422@gmail.com,2024-02-23,Ahmedabad,Gujarat
423,Vihaan,Das,vihaan_das423@gmail.com,2024-05-24,Indore,Madhya Pradesh
424,Vihaan,Yadav,vihaan_yadav424@gmail.com,2024-10-13,Bangalore,Karnataka
425,Arjun,Pandey,arjun_pandey425@gmail.com,2024-05-18,Nagpur,Maharashtra
426,Ananya,Sharma,ananya_sharma426@gmail.com,2024-03-08,Hyderabad,Telangana
427,Priya,Malhotra,priya_malhotra427@gmail.com,2025-12-13,Kolkata,West Bengal
428,Rahul,Singh,rahul_singh428@gmail.com,2025-05-17,Bangalore,Karnataka
429,Manish,Verma,manish_verma429@gmail.com,2025-06-18,Ahmedabad,Gujarat
430,Aadhya,Kapoor,aadhya_kapoor430@gmail.com,2025-05-06,Hyderabad,Telangana
431,Neha,Khan,neha_khan431@gmail.com,2024-06-26,Bangalore,Karnataka
432,Neha,Nair,neha_nair432@gmail.com,2025-09-06,Chandigarh,Chandigarh
433,Aditya,Khan,aditya_khan433@gmail.com,2025-12-30,Mumbai,Maharashtra
434,Reyansh,Bansal,reyansh_bansal434@gmail.com,2025-12-23,Chennai,Tamil Nadu
435,Anika,Kulkarni,anika_kulkarni435@gmail.com,2024-12-04,Kochi,Kerala
436,Reyansh,Yadav,reyansh_yadav436@gmail.com,2024-08-04,Indore,Madhya Pradesh
437,Ishaan,Rao,ishaan_rao437@gmail.com,2024-06-24,Bangalore,Karnataka
438,Harsha,Khan,harsha_khan438@gmail.com,2024-08-20,Chandigarh,Chandigarh
439,Varun,Iyer,varun_iyer439@gmail.com,2024-01-08,Indore,Madhya Pradesh
440,Tejas,Mishra,tejas_mishra440@gmail.com,2025-05-03,Bhopal,Madhya Pradesh
441,Nikhil,Gupta,nikhil_gupta441@gmail.com,2024-04-25,Lucknow,Uttar Pradesh
442,Krishna,Chatterjee,krishna_chatterjee442@gmail.com,2024-11-16,Lucknow,Uttar Pradesh
443,Sai,Naidu,sai_naidu443@gmail.com,2024-10-23,Delhi,Delhi
444,Rohit,Verma,rohit_verma444@gmail.com,2024-06-11,Kolkata,West Bengal
445,Krishna,Khan,krishna_khan445@gmail.com,2025-07-04,Indore,Madhya Pradesh
446,Varun,Rao,varun_rao446@gmail.com,2025-08-14,Nagpur,Maharashtra
447,Vihaan,Saxena,vihaan_saxena447@gmail.com,2025-03-24,Delhi,Delhi
448,Rohit,Kapoor,rohit_kapoor448@gmail.com,2025-12-01,Pune,Maharashtra
449,Sneha,Menon,sneha_menon449@gmail.com,2024-10-09,Delhi,Delhi
450,Varun,Nair,varun_nair450@gmail.com,2025-08-04,Mumbai,Maharashtra
451,Riya,Verma,riya_verma451@gmail.com,2024-12-29,Mumbai,Maharashtra
452,Meera,Yadav,meera_yadav452@gmail.com,2025-07-25,Kochi,Kerala
453,Saanvi,Ghosh,saanvi_ghosh453@gmail.com,2024-11-24,Bangalore,Karnataka
454,Swati,Shetty,swati_shetty454@gmail.com,2024-11-21,Kolkata,West Bengal
455,Pooja,Sharma,pooja_sharma455@gmail.com,2025-08-01,Ahmedabad,Gujarat
456,Lavanya,Ghosh,lavanya_ghosh456@gmail.com,2025-06-09,Nagpur,Maharashtra
457,Harsha,Gupta,harsha_gupta457@gmail.com,2024-10-15,Pune,Maharashtra
458,Swati,Singh,swati_singh458@gmail.com,2025-01-28,Jaipur,Rajasthan
459,Aadhya,Nair,aadhya_nair459@gmail.com,2024-03-11,Delhi,Delhi
460,Priya,Bansal,priya_bansal460@gmail.com,2024-12-12,Ahmedabad,Gujarat
461,Sai,Singh,sai_singh461@gmail.com,2024-03-02,Bangalore,Karnataka
462,Anika,Sharma,anika_sharma462@gmail.com,2025-01-20,Indore,Madhya Pradesh
463,Varun,Kapoor,varun_kapoor463@gmail.com,2024-06-20,Kolkata,West Bengal
464,Tejas,Rao,tejas_rao464@gmail.com,2025-12-24,Delhi,Delhi
465,Vivaan,Das,vivaan_das465@gmail.com,2024-07-27,Chennai,Tamil Nadu
466,Karan,Rao,karan_rao466@gmail.com,2024-07-16,Hyderabad,Telangana
467,Vikram,Shetty,vikram_shetty467@gmail.com,2025-11-28,Kochi,Kerala
468,Rahul,Mishra,rahul_mishra468@gmail.com,2025-11-23,Chennai,Tamil Nadu
469,Arjun,Patel,arjun_patel469@gmail.com,2024-05-04,Ahmedabad,Gujarat
470,Saanvi,Kulkarni,saanvi_kulkarni470@gmail.com,2024-07-30,Pune,Maharashtra
471,Meera,Das,meera_das471@gmail.com,2025-06-29,Lucknow,Uttar Pradesh
472,Reyansh,Ghosh,reyansh_ghosh472@gmail.com,2024-03-29,Nagpur,Maharashtra
473,Diya,Pillai,diya_pillai473@gmail.com,2024-04-27,Delhi,Delhi
474,Harsha,Joshi,harsha_joshi474@gmail.com,2025-07-26,Kochi,Kerala
475,Sneha,Choudhary,sneha_choudhary475@gmail.com,2025-12-04,Lucknow,Uttar Pradesh
476,Kavya,Pandey,kavya_pandey476@gmail.com,2024-05-22,Kochi,Kerala
477,Rahul,Ghosh,rahul_ghosh477@gmail.com,2025-02-24,Lucknow,Uttar Pradesh
478,Tanvi,Bansal,tanvi_bansal478@gmail.com,2024-01-24,Chennai,Tamil Nadu
479,Saanvi,Yadav,saanvi_yadav479@gmail.com,2024-04-12,Lucknow,Uttar Pradesh
480,Riya,Choudhary,riya_choudhary480@gmail.com,2025-05-15,Bangalore,Karnataka
481,Anika,Pandey,anika_pandey481@gmail.com,2025-11-04,Mumbai,Maharashtra
482,Meera,Kapoor,meera_kapoor482@gmail.com,2025-03-15,Hyderabad,Telangana
483,Neha,Choudhary,neha_choudhary483@gmail.com,2024-03-20,Hyderabad,Telangana
484,Riya,Kapoor,riya_kapoor484@gmail.com,2024-10-14,Mumbai,Maharashtra
485,Ananya,Chatterjee,ananya_chatterjee485@gmail.com,2024-11-24,Kochi,Kerala
486,Ananya,Mishra,ananya_mishra486@gmail.com,2025-01-01,Kolkata,West Bengal
487,Deepika,Nair,deepika_nair487@gmail.com,2024-01-07,Jaipur,Rajasthan
488,Sai,Rao,sai_rao488@gmail.com,2025-05-19,Chennai,Tamil Nadu
489,Priya,Verma,priya_verma489@gmail.com,2024-02-15,Pune,Maharashtra
490,Tanvi,Patel,tanvi_patel490@gmail.com,2025-06-24,Mumbai,Maharashtra
491,Shruti,Menon,shruti_menon491@gmail.com,2024-06-17,Chennai,Tamil Nadu
492,Omkar,Verma,omkar_verma492@gmail.com,2024-03-13,Kochi,Kerala
493,Ishaan,Nair,ishaan_nair493@gmail.com,2025-03-21,Bhopal,Madhya Pradesh
494,Shaurya,Reddy,shaurya_reddy494@gmail.com,2025-11-04,Nagpur,Maharashtra
495,Varun,Naidu,varun_naidu495@gmail.com,2025-10-30,Nagpur,Maharashtra
496,Tanvi,Mishra,tanvi_mishra496@gmail.com,2024-08-06,Chandigarh,Chandigarh
497,Ananya,Yadav,ananya_yadav497@gmail.com,2025-04-29,Bangalore,Karnataka
498,Ishaan,Ghosh,ishaan_ghosh498@gmail.com,2025-07-21,Bangalore,Karnataka
499,Sai,Agarwal,sai_agarwal499@gmail.com,2024-03-23,Nagpur,Maharashtra
500,Arjun,Saxena,arjun_saxena500@gmail.com,2024-06-21,Jaipur,Rajasthan
501,Deepika,Chatterjee,deepika_chatterjee501@gmail.com,2024-07-01,Kolkata,West Bengal
502,Krishna,Rao,krishna_rao502@gmail.com,2025-07-29,Lucknow,Uttar Pradesh
503,Arjun,Tiwari,arjun_tiwari503@gmail.com,2025-08-28,Bangalore,Karnataka
504,Ira,Gupta,ira_gupta504@gmail.com,2024-06-08,Mumbai,Maharashtra
505,Varun,Das,varun_das505@gmail.com,2025-01-14,Indore,Madhya Pradesh
506,Aditya,Verma,aditya_verma506@gmail.com,2024-05-20,Chennai,Tamil Nadu
507,Varun,Joshi,varun_joshi507@gmail.com,2024-10-01,Lucknow,Uttar Pradesh
508,Diya,Malhotra,diya_malhotra508@gmail.com,2025-04-01,Chennai,Tamil Nadu
509,Deepika,Rao,deepika_rao509@gmail.com,2024-08-09,Bhopal,Madhya Pradesh
510,Anika,Bansal,anika_bansal510@gmail.com,2024-07-25,Kochi,Kerala
511,Vivaan,Naidu,vivaan_naidu511@gmail.com,2024-02-28,Jaipur,Rajasthan
512,Manish,Pandey,manish_pandey512@gmail.com,2025-01-01,Delhi,Delhi
513,Priya,Gupta,priya_gupta513@gmail.com,2024-12-10,Delhi,Delhi
514,Tejas,Nair,tejas_nair514@gmail.com,2025-12-20,Jaipur,Rajasthan
515,Vikram,Agarwal,vikram_agarwal515@gmail.com,2024-12-24,Kolkata,West Bengal
516,Neha,Saxena,neha_saxena516@gmail.com,2025-01-19,Kolkata,West Bengal
517,Lavanya,Yadav,lavanya_yadav517@gmail.com,2024-07-31,Jaipur,Rajasthan
518,Aditya,Patel,aditya_patel518@gmail.com,2024-06-01,Chandigarh,Chandigarh
519,Varun,Patel,varun_patel519@gmail.com,2024-03-12,Bangalore,Karnataka
520,Krishna,Ghosh,krishna_ghosh520@gmail.com,2024-01-09,Hyderabad,Telangana
521,Lavanya,Tiwari,lavanya_tiwari521@gmail.com,2025-07-20,Kochi,Kerala
522,Aadhya,Chatterjee,aadhya_chatterjee522@gmail.com,2025-01-26,Indore,Madhya Pradesh
523,Rahul,Shetty,rahul_shetty523@gmail.com,2025-08-26,Kochi,Kerala
524,Neha,Sharma,neha_sharma524@gmail.com,2024-02-09,Kochi,Kerala
525,Ishaan,Tiwari,ishaan_tiwari525@gmail.com,2025-01-18,Indore,Madhya Pradesh
526,Rahul,Nair,rahul_nair526@gmail.com,2024-04-03,Delhi,Delhi
527,Karan,Chatterjee,karan_chatterjee527@gmail.com,2024-07-23,Bangalore,Karnataka
528,Omkar,Desai,omkar_desai528@gmail.com,2024-08-10,Bhopal,Madhya Pradesh
529,Shaurya,Rao,shaurya_rao529@gmail.com,2024-03-03,Chennai,Tamil Nadu
530,Shruti,Joshi,shruti_joshi530@gmail.com,2024-11-20,Lucknow,Uttar Pradesh
531,Krishna,Agarwal,krishna_agarwal531@gmail.com,2025-09-06,Pune,Maharashtra
532,Saanvi,Patel,saanvi_patel532@gmail.com,2024-05-23,Ahmedabad,Gujarat
533,Vihaan,Rao,vihaan_rao533@gmail.com,2024-06-29,Ahmedabad,Gujarat
534,Karan,Gupta,karan_gupta534@gmail.com,2025-04-03,Ahmedabad,Gujarat
535,Omkar,Das,omkar_das535@gmail.com,2025-08-03,Nagpur,Maharashtra
536,Tanvi,Malhotra,tanvi_malhotra536@gmail.com,2024-06-12,Hyderabad,Telangana
537,Rahul,Tiwari,rahul_tiwari537@gmail.com,2024-10-28,Chennai,Tamil Nadu
538,Rohit,Pandey,rohit_pandey538@gmail.com,2024-07-20,Indore,Madhya Pradesh
539,Lavanya,Iyer,lavanya_iyer539@gmail.com,2025-06-01,Lucknow,Uttar Pradesh
540,Ira,Reddy,ira_reddy540@gmail.com,2024-04-15,Kolkata,West Bengal
541,Tejas,Ghosh,tejas_ghosh541@gmail.com,2025-12-11,Kolkata,West Bengal
542,Sai,Kulkarni,sai_kulkarni542@gmail.com,2024-06-22,Delhi,Delhi
543,Tejas,Khan,tejas_khan543@gmail.com,2024-06-30,Lucknow,Uttar Pradesh
544,Harsha,Agarwal,harsha_agarwal544@gmail.com,2025-06-29,Chandigarh,Chandigarh
545,Diya,Chatterjee,diya_chatterjee545@gmail.com,2025-07-10,Chandigarh,Chandigarh
546,Krishna,Singh,krishna_singh546@gmail.com,2024-08-14,Ahmedabad,Gujarat
547,Arjun,Nair,arjun_nair547@gmail.com,2024-04-24,Mumbai,Maharashtra
548,Arjun,Rao,arjun_rao548@gmail.com,2025-09-18,Mumbai,Maharashtra
549,Saanvi,Nair,saanvi_nair549@gmail.com,2024-12-15,Chennai,Tamil Nadu
550,Riya,Nair,riya_nair550@gmail.com,2024-08-23,Pune,Maharashtra
551,Anika,Patel,anika_patel551@gmail.com,2024-03-07,Mumbai,Maharashtra
552,Aarav,Iyer,aarav_iyer552@gmail.com,2024-05-30,Kochi,Kerala
553,Swati,Mishra,swati_mishra553@gmail.com,2025-06-01,Bhopal,Madhya Pradesh
554,Nikhil,Joshi,nikhil_joshi554@gmail.com,2025-01-07,Pune,Maharashtra
555,Sneha,Kulkarni,sneha_kulkarni555@gmail.com,2025-06-20,Nagpur,Maharashtra
556,Sai,Saxena,sai_saxena556@gmail.com,2024-02-28,Kochi,Kerala
557,Rahul,Joshi,rahul_joshi557@gmail.com,2024-03-03,Hyderabad,Telangana
558,Vikram,Rao,vikram_rao558@gmail.com,2025-09-05,Bhopal,Madhya Pradesh
559,Nikhil,Verma,nikhil_verma559@gmail.com,2024-06-28,Kochi,Kerala
560,Karan,Joshi,karan_joshi560@gmail.com,2024-01-30,Pune,Maharashtra
561,Rohit,Yadav,rohit_yadav561@gmail.com,2024-10-12,Ahmedabad,Gujarat
562,Anika,Menon,anika_menon562@gmail.com,2025-09-26,Hyderabad,Telangana
563,Arjun,Khan,arjun_khan563@gmail.com,2024-11-24,Chandigarh,Chandigarh
564,Tejas,Reddy,tejas_reddy564@gmail.com,2024-07-16,Bangalore,Karnataka
565,Manish,Pillai,manish_pillai565@gmail.com,2025-06-12,Kochi,Kerala
566,Manish,Bansal,manish_bansal566@gmail.com,2025-04-16,Bangalore,Karnataka
567,Nikhil,Saxena,nikhil_saxena567@gmail.com,2024-12-22,Bangalore,Karnataka
568,Aarav,Shetty,aarav_shetty568@gmail.com,2025-05-18,Ahmedabad,Gujarat
569,Krishna,Mishra,krishna_mishra569@gmail.com,2025-08-29,Hyderabad,Telangana
570,Vikram,Khan,vikram_khan570@gmail.com,2025-11-12,Nagpur,Maharashtra
571,Meera,Saxena,meera_saxena571@gmail.com,2024-09-02,Chennai,Tamil Nadu
572,Ananya,Saxena,ananya_saxena572@gmail.com,2024-08-14,Pune,Maharashtra
573,Nikhil,Pandey,nikhil_pandey573@gmail.com,2025-04-30,Kochi,Kerala
574,Sneha,Agarwal,sneha_agarwal574@gmail.com,2024-04-23,Bangalore,Karnataka
575,Rohit,Iyer,rohit_iyer575@gmail.com,2024-02-03,Chandigarh,Chandigarh
576,Anika,Verma,anika_verma576@gmail.com,2024-06-03,Lucknow,Uttar Pradesh
577,Vikram,Menon,vikram_menon577@gmail.com,2025-02-08,Chennai,Tamil Nadu
578,Harsha,Saxena,harsha_saxena578@gmail.com,2025-07-07,Chandigarh,Chandigarh
579,Pooja,Naidu,pooja_naidu579@gmail.com,2024-07-18,Indore,Madhya Pradesh
580,Diya,Saxena,diya_saxena580@gmail.com,2025-08-24,Chennai,Tamil Nadu
581,Meera,Gupta,meera_gupta581@gmail.com,2025-11-08,Indore,Madhya Pradesh
582,Anika,Mishra,anika_mishra582@gmail.com,2024-12-22,Hyderabad,Telangana
583,Yash,Agarwal,yash_agarwal583@gmail.com,2024-04-22,Nagpur,Maharashtra
584,Ananya,Rao,ananya_rao584@gmail.com,2025-01-08,Hyderabad,Telangana
585,Ishaan,Iyer,ishaan_iyer585@gmail.com,2024-09-25,Jaipur,Rajasthan
586,Rohit,Menon,rohit_menon586@gmail.com,2024-01-13,Lucknow,Uttar Pradesh
587,Yash,Kulkarni,yash_kulkarni587@gmail.com,2024-06-08,Kochi,Kerala
588,Tanvi,Das,tanvi_das588@gmail.com,2024-11-05,Jaipur,Rajasthan
589,Harsha,Shetty,harsha_shetty589@gmail.com,2025-10-26,Kochi,Kerala
590,Shruti,Malhotra,shruti_malhotra590@gmail.com,2025-05-10,Bangalore,Karnataka
591,Swati,Verma,swati_verma591@gmail.com,2025-11-08,Delhi,Delhi
592,Neha,Yadav,neha_yadav592@gmail.com,2025-06-03,Kochi,Kerala
593,Anika,Yadav,anika_yadav593@gmail.com,2025-12-28,Lucknow,Uttar Pradesh
594,Neha,Das,neha_das594@gmail.com,2025-06-25,Bangalore,Karnataka
595,Swati,Kulkarni,swati_kulkarni595@gmail.com,2024-01-28,Chandigarh,Chandigarh
596,Yash,Gupta,yash_gupta596@gmail.com,2025-03-12,Nagpur,Maharashtra
597,Yash,Pillai,yash_pillai597@gmail.com,2025-07-30,Kochi,Kerala
598,Shruti,Pandey,shruti_pandey598@gmail.com,2025-12-08,Lucknow,Uttar Pradesh
599,Swati,Tiwari,swati_tiwari599@gmail.com,2024-04-13,Chennai,Tamil Nadu
600,Ishaan,Choudhary,ishaan_choudhary600@gmail.com,2024-08-10,Kochi,Kerala
601,Kavya,Mishra,kavya_mishra601@gmail.com,2025-08-11,Bhopal,Madhya Pradesh
602,Tanvi,Kulkarni,tanvi_kulkarni602@gmail.com,2025-08-14,Chandigarh,Chandigarh
603,Vivaan,Sharma,vivaan_sharma603@gmail.com,2024-05-19,Bhopal,Madhya Pradesh
604,Deepika,Das,deepika_das604@gmail.com,2025-01-10,Chennai,Tamil Nadu
605,Tejas,Verma,tejas_verma605@gmail.com,2024-11-19,Chandigarh,Chandigarh
606,Meera,Mishra,meera_mishra606@gmail.com,2025-09-09,Hyderabad,Telangana
607,Tanvi,Singh,tanvi_singh607@gmail.com,2025-04-01,Lucknow,Uttar Pradesh
608,Reyansh,Singh,reyansh_singh608@gmail.com,2024-09-11,Mumbai,Maharashtra
609,Nikhil,Das,nikhil_das609@gmail.com,2025-02-19,Jaipur,Rajasthan
610,Vikram,Malhotra,vikram_malhotra610@gmail.com,2025-01-28,Jaipur,Rajasthan
611,Aarav,Reddy,aarav_reddy611@gmail.com,2024-01-17,Chandigarh,Chandigarh
612,Omkar,Kapoor,omkar_kapoor612@gmail.com,2024-01-15,Kolkata,West Bengal
613,Tanvi,Desai,tanvi_desai613@gmail.com,2025-12-27,Chennai,Tamil Nadu
614,Saanvi,Pandey,saanvi_pandey614@gmail.com,2025-05-27,Lucknow,Uttar Pradesh
615,Reyansh,Iyer,reyansh_iyer615@gmail.com,2024-10-01,Nagpur,Maharashtra
616,Deepika,Shetty,deepika_shetty616@gmail.com,2024-01-15,Lucknow,Uttar Pradesh
617,Shaurya,Kulkarni,shaurya_kulkarni617@gmail.com,2025-08-13,Lucknow,Uttar Pradesh
618,Krishna,Sharma,krishna_sharma618@gmail.com,2025-05-22,Chandigarh,Chandigarh
619,Riya,Shetty,riya_shetty619@gmail.com,2024-10-17,Chandigarh,Chandigarh
620,Tejas,Shetty,tejas_shetty620@gmail.com,2024-11-11,Mumbai,Maharashtra
621,Manish,Menon,manish_menon621@gmail.com,2025-04-17,Kochi,Kerala
622,Tanvi,Khan,tanvi_khan622@gmail.com,2025-12-19,Chennai,Tamil Nadu
623,Sai,Mishra,sai_mishra623@gmail.com,2025-11-02,Nagpur,Maharashtra
624,Manish,Kapoor,manish_kapoor624@gmail.com,2025-10-22,Hyderabad,Telangana
625,Aarav,Malhotra,aarav_malhotra625@gmail.com,2025-09-18,Kolkata,West Bengal
626,Ananya,Shetty,ananya_shetty626@gmail.com,2024-12-27,Kolkata,West Bengal
627,Lavanya,Chatterjee,lavanya_chatterjee627@gmail.com,2024-04-02,Mumbai,Maharashtra
628,Reyansh,Malhotra,reyansh_malhotra628@gmail.com,2024-02-16,Kolkata,West Bengal
629,Swati,Choudhary,swati_choudhary629@gmail.com,2025-05-18,Bangalore,Karnataka
630,Lavanya,Bansal,lavanya_bansal630@gmail.com,2024-07-11,Nagpur,Maharashtra
631,Vihaan,Tiwari,vihaan_tiwari631@gmail.com,2024-06-03,Chennai,Tamil Nadu
632,Harsha,Pillai,harsha_pillai632@gmail.com,2024-12-02,Pune,Maharashtra
633,Sai,Joshi,sai_joshi633@gmail.com,2024-12-04,Lucknow,Uttar Pradesh
634,Riya,Sharma,riya_sharma634@gmail.com,2025-10-02,Bangalore,Karnataka
635,Vihaan,Naidu,vihaan_naidu635@gmail.com,2025-02-11,Bhopal,Madhya Pradesh
636,Meera,Bansal,meera_bansal636@gmail.com,2025-10-19,Mumbai,Maharashtra
637,Sneha,Malhotra,sneha_malhotra637@gmail.com,2025-07-13,Kochi,Kerala
638,Deepika,Reddy,deepika_reddy638@gmail.com,2025-09-07,Kochi,Kerala
639,Yash,Nair,yash_nair639@gmail.com,2025-06-16,Delhi,Delhi
640,Sai,Bansal,sai_bansal640@gmail.com,2024-02-27,Kolkata,West Bengal
641,Swati,Bansal,swati_bansal641@gmail.com,2025-10-10,Chandigarh,Chandigarh
642,Neha,Menon,neha_menon642@gmail.com,2025-03-29,Kolkata,West Bengal
643,Reyansh,Khan,reyansh_khan643@gmail.com,2024-04-30,Lucknow,Uttar Pradesh
644,Aarav,Kapoor,aarav_kapoor644@gmail.com,2025-02-23,Jaipur,Rajasthan
645,Vikram,Tiwari,vikram_tiwari645@gmail.com,2025-11-08,Hyderabad,Telangana
646,Myra,Agarwal,myra_agarwal646@gmail.com,2025-01-12,Indore,Madhya Pradesh
647,Vivaan,Mishra,vivaan_mishra647@gmail.com,2024-08-27,Indore,Madhya Pradesh
648,Ananya,Menon,ananya_menon648@gmail.com,2024-05-11,Lucknow,Uttar Pradesh
649,Pooja,Gupta,pooja_gupta649@gmail.com,2025-09-26,Mumbai,Maharashtra
650,Vivaan,Joshi,vivaan_joshi650@gmail.com,2025-08-30,Mumbai,Maharashtra
651,Karan,Patel,karan_patel651@gmail.com,2025-08-17,Chandigarh,Chandigarh
652,Aditya,Iyer,aditya_iyer652@gmail.com,2024-11-14,Mumbai,Maharashtra
653,Shaurya,Tiwari,shaurya_tiwari653@gmail.com,2024-07-30,Mumbai,Maharashtra
654,Aarav,Pillai,aarav_pillai654@gmail.com,2025-05-29,Lucknow,Uttar Pradesh
655,Ira,Agarwal,ira_agarwal655@gmail.com,2025-01-02,Hyderabad,Telangana
656,Sneha,Kapoor,sneha_kapoor656@gmail.com,2025-01-01,Kolkata,West Bengal
657,Manish,Das,manish_das657@gmail.com,2025-04-14,Mumbai,Maharashtra
658,Diya,Choudhary,diya_choudhary658@gmail.com,2025-03-22,Chennai,Tamil Nadu
659,Vihaan,Menon,vihaan_menon659@gmail.com,2024-11-23,Indore,Madhya Pradesh
660,Vikram,Singh,vikram_singh660@gmail.com,2024-06-09,Lucknow,Uttar Pradesh
661,Aarav,Nair,aarav_nair661@gmail.com,2025-12-18,Hyderabad,Telangana
662,Tanvi,Shetty,tanvi_shetty662@gmail.com,2024-08-01,Kolkata,West Bengal
663,Karan,Kulkarni,karan_kulkarni663@gmail.com,2024-09-21,Bangalore,Karnataka
664,Vivaan,Choudhary,vivaan_choudhary664@gmail.com,2024-05-22,Indore,Madhya Pradesh
665,Shaurya,Nair,shaurya_nair665@gmail.com,2025-07-09,Indore,Madhya Pradesh
666,Aarav,Pandey,aarav_pandey666@gmail.com,2025-04-29,Hyderabad,Telangana
667,Rahul,Malhotra,rahul_malhotra667@gmail.com,2024-11-18,Chandigarh,Chandigarh
668,Diya,Khan,diya_khan668@gmail.com,2025-07-12,Kochi,Kerala
669,Vihaan,Kapoor,vihaan_kapoor669@gmail.com,2025-06-07,Kochi,Kerala
670,Meera,Verma,meera_verma670@gmail.com,2024-07-30,Hyderabad,Telangana
671,Lavanya,Choudhary,lavanya_choudhary671@gmail.com,2024-02-25,Hyderabad,Telangana
672,Manish,Nair,manish_nair672@gmail.com,2025-01-29,Pune,Maharashtra
673,Ira,Joshi,ira_joshi673@gmail.com,2024-02-22,Kochi,Kerala
674,Meera,Reddy,meera_reddy674@gmail.com,2025-12-04,Bhopal,Madhya Pradesh
675,Kavya,Malhotra,kavya_malhotra675@gmail.com,2025-06-22,Lucknow,Uttar Pradesh
676,Kavya,Gupta,kavya_gupta676@gmail.com,2024-05-16,Mumbai,Maharashtra
677,Riya,Joshi,riya_joshi677@gmail.com,2025-02-22,Kochi,Kerala
678,Omkar,Shetty,omkar_shetty678@gmail.com,2025-08-30,Ahmedabad,Gujarat
679,Varun,Tiwari,varun_tiwari679@gmail.com,2024-07-02,Chennai,Tamil Nadu
680,Aditya,Joshi,aditya_joshi680@gmail.com,2025-08-19,Mumbai,Maharashtra
681,Myra,Gupta,myra_gupta681@gmail.com,2025-06-04,Kolkata,West Bengal
682,Lavanya,Mishra,lavanya_mishra682@gmail.com,2025-09-27,Mumbai,Maharashtra
683,Anika,Agarwal,anika_agarwal683@gmail.com,2025-06-09,Bangalore,Karnataka
684,Vihaan,Agarwal,vihaan_agarwal684@gmail.com,2025-05-01,Chandigarh,Chandigarh
685,Ishaan,Joshi,ishaan_joshi685@gmail.com,2024-08-19,Pune,Maharashtra
686,Meera,Choudhary,meera_choudhary686@gmail.com,2025-05-14,Chennai,Tamil Nadu
687,Tanvi,Joshi,tanvi_joshi687@gmail.com,2024-10-07,Jaipur,Rajasthan
688,Saanvi,Kapoor,saanvi_kapoor688@gmail.com,2025-09-01,Ahmedabad,Gujarat
689,Shaurya,Saxena,shaurya_saxena689@gmail.com,2024-07-06,Hyderabad,Telangana
690,Riya,Reddy,riya_reddy690@gmail.com,2024-12-17,Nagpur,Maharashtra
691,Aarav,Choudhary,aarav_choudhary691@gmail.com,2025-02-26,Bhopal,Madhya Pradesh
692,Swati,Joshi,swati_joshi692@gmail.com,2024-12-29,Lucknow,Uttar Pradesh
693,Rohit,Ghosh,rohit_ghosh693@gmail.com,2025-10-29,Chennai,Tamil Nadu
694,Reyansh,Choudhary,reyansh_choudhary694@gmail.com,2024-04-30,Hyderabad,Telangana
695,Priya,Tiwari,priya_tiwari695@gmail.com,2025-12-01,Hyderabad,Telangana
696,Rahul,Patel,rahul_patel696@gmail.com,2024-08-19,Jaipur,Rajasthan
697,Meera,Malhotra,meera_malhotra697@gmail.com,2025-01-10,Kochi,Kerala
698,Varun,Bansal,varun_bansal698@gmail.com,2024-04-01,Delhi,Delhi
699,Karan,Tiwari,karan_tiwari699@gmail.com,2024-12-07,Indore,Madhya Pradesh
700,Saanvi,Gupta,saanvi_gupta700@gmail.com,2025-04-02,Hyderabad,Telangana
701,Deepika,Malhotra,deepika_malhotra701@gmail.com,2024-02-18,Pune,Maharashtra
702,Shaurya,Iyer,shaurya_iyer702@gmail.com,2024-12-18,Delhi,Delhi
703,Nikhil,Singh,nikhil_singh703@gmail.com,2025-11-17,Hyderabad,Telangana
704,Krishna,Joshi,krishna_joshi704@gmail.com,2025-09-23,Hyderabad,Telangana
705,Saanvi,Agarwal,saanvi_agarwal705@gmail.com,2024-04-06,Nagpur,Maharashtra
706,Diya,Pandey,diya_pandey706@gmail.com,2024-11-27,Mumbai,Maharashtra
707,Aarav,Agarwal,aarav_agarwal707@gmail.com,2025-10-25,Chandigarh,Chandigarh
708,Vihaan,Iyer,vihaan_iyer708@gmail.com,2024-09-08,Indore,Madhya Pradesh
709,Sai,Nair,sai_nair709@gmail.com,2025-08-23,Mumbai,Maharashtra
710,Shruti,Yadav,shruti_yadav710@gmail.com,2024-11-30,Jaipur,Rajasthan
711,Vihaan,Nair,vihaan_nair711@gmail.com,2024-09-24,Chennai,Tamil Nadu
712,Pooja,Reddy,pooja_reddy712@gmail.com,2024-09-23,Kochi,Kerala
713,Anika,Tiwari,anika_tiwari713@gmail.com,2024-08-15,Mumbai,Maharashtra
714,Anika,Singh,anika_singh714@gmail.com,2025-10-29,Mumbai,Maharashtra
715,Vikram,Kapoor,vikram_kapoor715@gmail.com,2024-10-13,Chandigarh,Chandigarh
716,Rahul,Naidu,rahul_naidu716@gmail.com,2025-12-20,Chandigarh,Chandigarh
717,Sai,Malhotra,sai_malhotra717@gmail.com,2025-08-27,Ahmedabad,Gujarat
718,Rahul,Pillai,rahul_pillai718@gmail.com,2025-09-18,Indore,Madhya Pradesh
719,Rohit,Kulkarni,rohit_kulkarni719@gmail.com,2024-02-10,Chandigarh,Chandigarh
720,Lavanya,Malhotra,lavanya_malhotra720@gmail.com,2025-05-18,Indore,Madhya Pradesh
721,Deepika,Bansal,deepika_bansal721@gmail.com,2024-06-17,Bangalore,Karnataka
722,Riya,Rao,riya_rao722@gmail.com,2024-06-10,Delhi,Delhi
723,Riya,Yadav,riya_yadav723@gmail.com,2025-12-09,Jaipur,Rajasthan
724,Sai,Khan,sai_khan724@gmail.com,2025-04-25,Delhi,Delhi
725,Diya,Patel,diya_patel725@gmail.com,2024-02-24,Bhopal,Madhya Pradesh
726,Vivaan,Kulkarni,vivaan_kulkarni726@gmail.com,2025-05-09,Ahmedabad,Gujarat
727,Riya,Desai,riya_desai727@gmail.com,2024-09-11,Kochi,Kerala
728,Sneha,Patel,sneha_patel728@gmail.com,2025-06-04,Chandigarh,Chandigarh
729,Yash,Rao,yash_rao729@gmail.com,2025-08-30,Jaipur,Rajasthan
730,Manish,Malhotra,manish_malhotra730@gmail.com,2024-06-07,Chandigarh,Chandigarh
731,Neha,Naidu,neha_naidu731@gmail.com,2025-12-26,Kolkata,West Bengal
732,Aditya,Singh,aditya_singh732@gmail.com,2024-12-30,Ahmedabad,Gujarat
733,Aadhya,Patel,aadhya_patel733@gmail.com,2025-02-02,Ahmedabad,Gujarat
734,Vikram,Chatterjee,vikram_chatterjee734@gmail.com,2024-03-30,Lucknow,Uttar Pradesh
735,Vihaan,Chatterjee,vihaan_chatterjee735@gmail.com,2024-09-02,Ahmedabad,Gujarat
736,Krishna,Kulkarni,krishna_kulkarni736@gmail.com,2024-08-26,Chandigarh,Chandigarh
737,Ira,Patel,ira_patel737@gmail.com,2024-11-17,Jaipur,Rajasthan
738,Manish,Iyer,manish_iyer738@gmail.com,2024-07-17,Delhi,Delhi
739,Pooja,Singh,pooja_singh739@gmail.com,2025-01-13,Kolkata,West Bengal
740,Tanvi,Reddy,tanvi_reddy740@gmail.com,2025-11-09,Indore,Madhya Pradesh
741,Krishna,Pandey,krishna_pandey741@gmail.com,2024-04-12,Bangalore,Karnataka
742,Lavanya,Pandey,lavanya_pandey742@gmail.com,2024-01-02,Nagpur,Maharashtra
743,Sai,Desai,sai_desai743@gmail.com,2025-01-23,Pune,Maharashtra
744,Saanvi,Malhotra,saanvi_malhotra744@gmail.com,2025-07-05,Chandigarh,Chandigarh
745,Myra,Kapoor,myra_kapoor745@gmail.com,2024-11-24,Lucknow,Uttar Pradesh
746,Ira,Singh,ira_singh746@gmail.com,2024-08-25,Lucknow,Uttar Pradesh
747,Shaurya,Menon,shaurya_menon747@gmail.com,2024-02-22,Hyderabad,Telangana
748,Varun,Reddy,varun_reddy748@gmail.com,2024-01-04,Ahmedabad,Gujarat
749,Diya,Agarwal,diya_agarwal749@gmail.com,2024-10-21,Hyderabad,Telangana
750,Priya,Kulkarni,priya_kulkarni750@gmail.com,2025-06-06,Chandigarh,Chandigarh
751,Harsha,Menon,harsha_menon751@gmail.com,2024-03-23,Hyderabad,Telangana
752,Manish,Desai,manish_desai752@gmail.com,2025-08-27,Bangalore,Karnataka
753,Rahul,Bansal,rahul_bansal753@gmail.com,2024-09-21,Chennai,Tamil Nadu
754,Riya,Das,riya_das754@gmail.com,2024-08-06,Delhi,Delhi
755,Myra,Desai,myra_desai755@gmail.com,2025-02-27,Chandigarh,Chandigarh
756,Anika,Gupta,anika_gupta756@gmail.com,2025-05-10,Delhi,Delhi
757,Vivaan,Pandey,vivaan_pandey757@gmail.com,2024-06-03,Delhi,Delhi
758,Sneha,Gupta,sneha_gupta758@gmail.com,2024-06-16,Chennai,Tamil Nadu
759,Ishaan,Naidu,ishaan_naidu759@gmail.com,2025-08-07,Bhopal,Madhya Pradesh
760,Harsha,Reddy,harsha_reddy760@gmail.com,2025-09-24,Pune,Maharashtra
761,Varun,Saxena,varun_saxena761@gmail.com,2024-08-26,Delhi,Delhi
762,Vikram,Yadav,vikram_yadav762@gmail.com,2024-10-20,Hyderabad,Telangana
763,Aadhya,Tiwari,aadhya_tiwari763@gmail.com,2024-02-04,Ahmedabad,Gujarat
764,Vihaan,Khan,vihaan_khan764@gmail.com,2024-03-29,Kolkata,West Bengal
765,Karan,Mishra,karan_mishra765@gmail.com,2024-06-24,Ahmedabad,Gujarat
766,Vikram,Saxena,vikram_saxena766@gmail.com,2024-12-30,Hyderabad,Telangana
767,Krishna,Kapoor,krishna_kapoor767@gmail.com,2025-07-08,Jaipur,Rajasthan
768,Kavya,Nair,kavya_nair768@gmail.com,2024-04-17,Kochi,Kerala
769,Ishaan,Pillai,ishaan_pillai769@gmail.com,2024-03-13,Kochi,Kerala
770,Ira,Choudhary,ira_choudhary770@gmail.com,2025-12-06,Nagpur,Maharashtra
771,Manish,Chatterjee,manish_chatterjee771@gmail.com,2024-03-16,Pune,Maharashtra
772,Arjun,Pillai,arjun_pillai772@gmail.com,2025-10-23,Pune,Maharashtra
773,Yash,Khan,yash_khan773@gmail.com,2025-11-07,Bhopal,Madhya Pradesh
774,Nikhil,Reddy,nikhil_reddy774@gmail.com,2024-09-16,Indore,Madhya Pradesh
775,Saanvi,Rao,saanvi_rao775@gmail.com,2024-03-19,Indore,Madhya Pradesh
776,Arjun,Gupta,arjun_gupta776@gmail.com,2024-06-15,Hyderabad,Telangana
777,Shaurya,Khan,shaurya_khan777@gmail.com,2025-01-15,Hyderabad,Telangana
778,Nikhil,Bansal,nikhil_bansal778@gmail.com,2024-09-18,Bangalore,Karnataka
779,Kavya,Bansal,kavya_bansal779@gmail.com,2024-08-30,Indore,Madhya Pradesh
780,Neha,Rao,neha_rao780@gmail.com,2025-09-23,Kolkata,West Bengal
781,Ishaan,Kulkarni,ishaan_kulkarni781@gmail.com,2024-05-31,Nagpur,Maharashtra
782,Vivaan,Tiwari,vivaan_tiwari782@gmail.com,2025-02-10,Chennai,Tamil Nadu
783,Shruti,Das,shruti_das783@gmail.com,2025-11-09,Lucknow,Uttar Pradesh
784,Riya,Pandey,riya_pandey784@gmail.com,2024-05-13,Chandigarh,Chandigarh
785,Shaurya,Malhotra,shaurya_malhotra785@gmail.com,2025-02-14,Kochi,Kerala
786,Tejas,Singh,tejas_singh786@gmail.com,2024-03-07,Kolkata,West Bengal
787,Meera,Joshi,meera_joshi787@gmail.com,2024-02-27,Pune,Maharashtra
788,Manish,Kulkarni,manish_kulkarni788@gmail.com,2025-10-28,Mumbai,Maharashtra
789,Tanvi,Iyer,tanvi_iyer789@gmail.com,2025-12-11,Lucknow,Uttar Pradesh
790,Rohit,Saxena,rohit_saxena790@gmail.com,2025-05-11,Hyderabad,Telangana
791,Myra,Ghosh,myra_ghosh791@gmail.com,2025-02-14,Bhopal,Madhya Pradesh
792,Swati,Reddy,swati_reddy792@gmail.com,2025-10-12,Mumbai,Maharashtra
793,Diya,Sharma,diya_sharma793@gmail.com,2025-09-30,Jaipur,Rajasthan
794,Neha,Chatterjee,neha_chatterjee794@gmail.com,2025-05-18,Bhopal,Madhya Pradesh
795,Karan,Choudhary,karan_choudhary795@gmail.com,2025-04-05,Bangalore,Karnataka
796,Aditya,Gupta,aditya_gupta796@gmail.com,2025-11-23,Chandigarh,Chandigarh
797,Lavanya,Reddy,lavanya_reddy797@gmail.com,2025-02-19,Chennai,Tamil Nadu
798,Aadhya,Gupta,aadhya_gupta798@gmail.com,2024-04-02,Bangalore,Karnataka
799,Tanvi,Nair,tanvi_nair799@gmail.com,2024-07-13,Lucknow,Uttar Pradesh
800,Shaurya,Pillai,shaurya_pillai800@gmail.com,2024-10-29,Indore,Madhya Pradesh
801,Karan,Pillai,karan_pillai801@gmail.com,2024-03-23,Delhi,Delhi
802,Vivaan,Verma,vivaan_verma802@gmail.com,2025-07-19,Bangalore,Karnataka
803,Deepika,Kapoor,deepika_kapoor803@gmail.com,2025-07-18,Chandigarh,Chandigarh
804,Rohit,Tiwari,rohit_tiwari804@gmail.com,2025-05-27,Bhopal,Madhya Pradesh
805,Sai,Ghosh,sai_ghosh805@gmail.com,2025-02-03,Jaipur,Rajasthan
806,Yash,Patel,yash_patel806@gmail.com,2025-08-30,Mumbai,Maharashtra
807,Rahul,Saxena,rahul_saxena807@gmail.com,2025-06-05,Bhopal,Madhya Pradesh
808,Ananya,Verma,ananya_verma808@gmail.com,2024-01-15,Bhopal,Madhya Pradesh
809,Ira,Tiwari,ira_tiwari809@gmail.com,2024-04-03,Hyderabad,Telangana
810,Sai,Pillai,sai_pillai810@gmail.com,2025-12-05,Kochi,Kerala
811,Vihaan,Shetty,vihaan_shetty811@gmail.com,2024-09-17,Chennai,Tamil Nadu
812,Yash,Iyer,yash_iyer812@gmail.com,2025-06-14,Jaipur,Rajasthan
813,Sai,Gupta,sai_gupta813@gmail.com,2025-11-17,Jaipur,Rajasthan
814,Shruti,Chatterjee,shruti_chatterjee814@gmail.com,2025-07-18,Lucknow,Uttar Pradesh
815,Sneha,Reddy,sneha_reddy815@gmail.com,2025-02-16,Delhi,Delhi
816,Swati,Malhotra,swati_malhotra816@gmail.com,2024-11-09,Indore,Madhya Pradesh
817,Vivaan,Nair,vivaan_nair817@gmail.com,2024-01-16,Jaipur,Rajasthan
818,Neha,Gupta,neha_gupta818@gmail.com,2025-07-30,Kochi,Kerala
819,Tejas,Patel,tejas_patel819@gmail.com,2024-01-31,Indore,Madhya Pradesh
820,Manish,Shetty,manish_shetty820@gmail.com,2025-08-08,Chennai,Tamil Nadu
821,Varun,Desai,varun_desai821@gmail.com,2024-04-19,Ahmedabad,Gujarat
822,Anika,Shetty,anika_shetty822@gmail.com,2024-09-05,Kolkata,West Bengal
823,Aadhya,Das,aadhya_das823@gmail.com,2024-11-17,Kochi,Kerala
824,Pooja,Verma,pooja_verma824@gmail.com,2024-02-21,Jaipur,Rajasthan
825,Rohit,Choudhary,rohit_choudhary825@gmail.com,2024-02-06,Chandigarh,Chandigarh
826,Sai,Menon,sai_menon826@gmail.com,2024-03-08,Indore,Madhya Pradesh
827,Swati,Saxena,swati_saxena827@gmail.com,2024-05-02,Bhopal,Madhya Pradesh
828,Aditya,Pillai,aditya_pillai828@gmail.com,2024-01-15,Kolkata,West Bengal
829,Tejas,Bansal,tejas_bansal829@gmail.com,2024-08-31,Nagpur,Maharashtra
830,Shruti,Sharma,shruti_sharma830@gmail.com,2025-01-20,Pune,Maharashtra
831,Yash,Das,yash_das831@gmail.com,2024-05-30,Nagpur,Maharashtra
832,Ira,Pillai,ira_pillai832@gmail.com,2024-03-01,Pune,Maharashtra
833,Priya,Patel,priya_patel833@gmail.com,2025-02-06,Jaipur,Rajasthan
834,Krishna,Iyer,krishna_iyer834@gmail.com,2024-12-16,Bhopal,Madhya Pradesh
835,Aadhya,Verma,aadhya_verma835@gmail.com,2024-09-23,Kolkata,West Bengal
836,Vivaan,Patel,vivaan_patel836@gmail.com,2025-05-13,Kolkata,West Bengal
837,Pooja,Joshi,pooja_joshi837@gmail.com,2025-05-03,Nagpur,Maharashtra
838,Saanvi,Joshi,saanvi_joshi838@gmail.com,2025-08-16,Nagpur,Maharashtra
839,Riya,Naidu,riya_naidu839@gmail.com,2025-08-15,Kochi,Kerala
840,Aadhya,Naidu,aadhya_naidu840@gmail.com,2024-02-01,Bangalore,Karnataka
841,Aadhya,Khan,aadhya_khan841@gmail.com,2025-09-03,Indore,Madhya Pradesh
842,Ira,Yadav,ira_yadav842@gmail.com,2025-12-31,Lucknow,Uttar Pradesh
843,Ishaan,Chatterjee,ishaan_chatterjee843@gmail.com,2024-05-10,Jaipur,Rajasthan
844,Neha,Desai,neha_desai844@gmail.com,2025-12-23,Lucknow,Uttar Pradesh
845,Deepika,Iyer,deepika_iyer845@gmail.com,2024-03-29,Kochi,Kerala
846,Rohit,Reddy,rohit_reddy846@gmail.com,2025-02-02,Bhopal,Madhya Pradesh
847,Kavya,Saxena,kavya_saxena847@gmail.com,2024-10-31,Jaipur,Rajasthan
848,Anika,Choudhary,anika_choudhary848@gmail.com,2025-07-11,Bhopal,Madhya Pradesh
849,Harsha,Singh,harsha_singh849@gmail.com,2024-09-16,Bangalore,Karnataka
850,Meera,Pandey,meera_pandey850@gmail.com,2024-05-12,Hyderabad,Telangana
851,Shruti,Nair,shruti_nair851@gmail.com,2024-12-02,Indore,Madhya Pradesh
852,Karan,Naidu,karan_naidu852@gmail.com,2024-02-16,Delhi,Delhi
853,Riya,Saxena,riya_saxena853@gmail.com,2025-06-12,Pune,Maharashtra
854,Priya,Khan,priya_khan854@gmail.com,2024-10-11,Chandigarh,Chandigarh
855,Saanvi,Pillai,saanvi_pillai855@gmail.com,2024-01-09,Chennai,Tamil Nadu
856,Kavya,Das,kavya_das856@gmail.com,2025-04-29,Indore,Madhya Pradesh
857,Meera,Desai,meera_desai857@gmail.com,2024-06-24,Mumbai,Maharashtra
858,Pooja,Saxena,pooja_saxena858@gmail.com,2024-11-29,Mumbai,Maharashtra
859,Nikhil,Yadav,nikhil_yadav859@gmail.com,2024-01-26,Chennai,Tamil Nadu
860,Aditya,Nair,aditya_nair860@gmail.com,2024-08-30,Mumbai,Maharashtra
861,Aditya,Chatterjee,aditya_chatterjee861@gmail.com,2025-02-21,Bhopal,Madhya Pradesh
862,Rohit,Rao,rohit_rao862@gmail.com,2025-08-12,Nagpur,Maharashtra
863,Sneha,Naidu,sneha_naidu863@gmail.com,2025-07-27,Lucknow,Uttar Pradesh
864,Priya,Kapoor,priya_kapoor864@gmail.com,2025-01-02,Lucknow,Uttar Pradesh
865,Tejas,Kulkarni,tejas_kulkarni865@gmail.com,2025-02-27,Bangalore,Karnataka
866,Ishaan,Sharma,ishaan_sharma866@gmail.com,2024-05-03,Kochi,Kerala
867,Swati,Khan,swati_khan867@gmail.com,2025-08-16,Ahmedabad,Gujarat
868,Vivaan,Iyer,vivaan_iyer868@gmail.com,2025-11-17,Delhi,Delhi
869,Neha,Shetty,neha_shetty869@gmail.com,2024-05-25,Kochi,Kerala
870,Reyansh,Patel,reyansh_patel870@gmail.com,2025-05-11,Ahmedabad,Gujarat
871,Ananya,Desai,ananya_desai871@gmail.com,2024-07-15,Jaipur,Rajasthan
872,Ira,Rao,ira_rao872@gmail.com,2024-06-05,Ahmedabad,Gujarat
873,Shruti,Verma,shruti_verma873@gmail.com,2025-12-20,Kolkata,West Bengal
874,Ira,Chatterjee,ira_chatterjee874@gmail.com,2025-09-09,Pune,Maharashtra
875,Pooja,Pandey,pooja_pandey875@gmail.com,2025-06-01,Delhi,Delhi
876,Ishaan,Agarwal,ishaan_agarwal876@gmail.com,2025-02-23,Hyderabad,Telangana
877,Kavya,Patel,kavya_patel877@gmail.com,2024-07-08,Jaipur,Rajasthan
878,Tanvi,Tiwari,tanvi_tiwari878@gmail.com,2024-11-29,Jaipur,Rajasthan
879,Sneha,Verma,sneha_verma879@gmail.com,2025-01-27,Kolkata,West Bengal
880,Meera,Tiwari,meera_tiwari880@gmail.com,2024-09-17,Lucknow,Uttar Pradesh
881,Varun,Malhotra,varun_malhotra881@gmail.com,2024-03-08,Kolkata,West Bengal
882,Aadhya,Pillai,aadhya_pillai882@gmail.com,2024-05-22,Pune,Maharashtra
883,Myra,Saxena,myra_saxena883@gmail.com,2025-04-26,Ahmedabad,Gujarat
884,Ishaan,Mishra,ishaan_mishra884@gmail.com,2025-08-03,Nagpur,Maharashtra
885,Reyansh,Menon,reyansh_menon885@gmail.com,2025-08-30,Ahmedabad,Gujarat
886,Karan,Reddy,karan_reddy886@gmail.com,2025-11-18,Pune,Maharashtra
887,Kavya,Rao,kavya_rao887@gmail.com,2025-03-21,Mumbai,Maharashtra
888,Diya,Naidu,diya_naidu888@gmail.com,2025-07-03,Lucknow,Uttar Pradesh
889,Varun,Singh,varun_singh889@gmail.com,2025-09-21,Bangalore,Karnataka
890,Ishaan,Pandey,ishaan_pandey890@gmail.com,2025-03-15,Indore,Madhya Pradesh
891,Lavanya,Kapoor,lavanya_kapoor891@gmail.com,2024-02-28,Ahmedabad,Gujarat
892,Priya,Pandey,priya_pandey892@gmail.com,2024-09-17,Bangalore,Karnataka
893,Varun,Mishra,varun_mishra893@gmail.com,2024-05-14,Delhi,Delhi
894,Aarav,Ghosh,aarav_ghosh894@gmail.com,2025-07-02,Pune,Maharashtra
895,Vivaan,Khan,vivaan_khan895@gmail.com,2024-11-28,Pune,Maharashtra
896,Pooja,Agarwal,pooja_agarwal896@gmail.com,2025-07-06,Pune,Maharashtra
897,Shruti,Mishra,shruti_mishra897@gmail.com,2025-05-13,Pune,Maharashtra
898,Priya,Agarwal,priya_agarwal898@gmail.com,2024-08-08,Delhi,Delhi
899,Shaurya,Naidu,shaurya_naidu899@gmail.com,2024-04-12,Delhi,Delhi
900,Nikhil,Ghosh,nikhil_ghosh900@gmail.com,2024-01-27,Kochi,Kerala
901,Pooja,Nair,pooja_nair901@gmail.com,2024-11-25,Hyderabad,Telangana
902,Rohit,Bansal,rohit_bansal902@gmail.com,2024-12-15,Hyderabad,Telangana
903,Rohit,Patel,rohit_patel903@gmail.com,2024-02-10,Nagpur,Maharashtra
904,Rohit,Malhotra,rohit_malhotra904@gmail.com,2024-04-01,Jaipur,Rajasthan
905,Ananya,Pillai,ananya_pillai905@gmail.com,2024-08-10,Kolkata,West Bengal
906,Tanvi,Ghosh,tanvi_ghosh906@gmail.com,2025-05-27,Hyderabad,Telangana
907,Aarav,Joshi,aarav_joshi907@gmail.com,2025-02-07,Jaipur,Rajasthan
908,Harsha,Yadav,harsha_yadav908@gmail.com,2025-04-02,Chandigarh,Chandigarh
909,Saanvi,Chatterjee,saanvi_chatterjee909@gmail.com,2024-01-31,Kochi,Kerala
910,Harsha,Naidu,harsha_naidu910@gmail.com,2024-04-02,Chennai,Tamil Nadu
911,Shaurya,Patel,shaurya_patel911@gmail.com,2024-11-18,Chandigarh,Chandigarh
912,Tanvi,Naidu,tanvi_naidu912@gmail.com,2025-06-07,Lucknow,Uttar Pradesh
913,Aditya,Desai,aditya_desai913@gmail.com,2025-06-15,Hyderabad,Telangana
914,Aditya,Kulkarni,aditya_kulkarni914@gmail.com,2024-05-08,Hyderabad,Telangana
915,Sneha,Ghosh,sneha_ghosh915@gmail.com,2025-02-02,Bhopal,Madhya Pradesh
916,Vikram,Naidu,vikram_naidu916@gmail.com,2024-09-17,Chennai,Tamil Nadu
917,Pooja,Rao,pooja_rao917@gmail.com,2024-02-06,Hyderabad,Telangana
918,Neha,Joshi,neha_joshi918@gmail.com,2025-10-01,Nagpur,Maharashtra
919,Reyansh,Agarwal,reyansh_agarwal919@gmail.com,2024-01-30,Nagpur,Maharashtra
920,Yash,Reddy,yash_reddy920@gmail.com,2025-08-01,Chandigarh,Chandigarh
921,Kavya,Yadav,kavya_yadav921@gmail.com,2025-03-24,Lucknow,Uttar Pradesh
922,Lavanya,Nair,lavanya_nair922@gmail.com,2025-06-05,Bhopal,Madhya Pradesh
923,Yash,Menon,yash_menon923@gmail.com,2025-12-12,Nagpur,Maharashtra
924,Priya,Sharma,priya_sharma924@gmail.com,2025-05-19,Jaipur,Rajasthan
925,Myra,Yadav,myra_yadav925@gmail.com,2025-03-24,Kochi,Kerala
926,Pooja,Mishra,pooja_mishra926@gmail.com,2024-03-26,Mumbai,Maharashtra
927,Swati,Patel,swati_patel927@gmail.com,2025-10-11,Chennai,Tamil Nadu
928,Saanvi,Khan,saanvi_khan928@gmail.com,2024-02-28,Mumbai,Maharashtra
929,Harsha,Verma,harsha_verma929@gmail.com,2024-05-10,Indore,Madhya Pradesh
930,Nikhil,Desai,nikhil_desai930@gmail.com,2025-03-31,Nagpur,Maharashtra
931,Aarav,Singh,aarav_singh931@gmail.com,2024-12-05,Jaipur,Rajasthan
932,Ira,Das,ira_das932@gmail.com,2024-04-14,Chennai,Tamil Nadu
933,Riya,Kulkarni,riya_kulkarni933@gmail.com,2024-07-28,Ahmedabad,Gujarat
934,Aarav,Chatterjee,aarav_chatterjee934@gmail.com,2025-09-29,Lucknow,Uttar Pradesh
935,Kavya,Ghosh,kavya_ghosh935@gmail.com,2025-10-31,Chennai,Tamil Nadu
936,Manish,Reddy,manish_reddy936@gmail.com,2024-08-30,Kochi,Kerala
937,Manish,Saxena,manish_saxena937@gmail.com,2025-08-05,Bangalore,Karnataka
938,Neha,Bansal,neha_bansal938@gmail.com,2025-09-10,Nagpur,Maharashtra
939,Yash,Kapoor,yash_kapoor939@gmail.com,2025-08-23,Bangalore,Karnataka
940,Diya,Yadav,diya_yadav940@gmail.com,2025-03-19,Kochi,Kerala
941,Omkar,Menon,omkar_menon941@gmail.com,2025-05-23,Kolkata,West Bengal
942,Aditya,Sharma,aditya_sharma942@gmail.com,2024-01-22,Nagpur,Maharashtra
943,Tejas,Choudhary,tejas_choudhary943@gmail.com,2024-12-24,Kochi,Kerala
944,Nikhil,Kulkarni,nikhil_kulkarni944@gmail.com,2025-08-02,Kolkata,West Bengal
945,Shaurya,Pandey,shaurya_pandey945@gmail.com,2024-05-11,Ahmedabad,Gujarat
946,Shaurya,Verma,shaurya_verma946@gmail.com,2025-05-05,Indore,Madhya Pradesh
947,Shruti,Khan,shruti_khan947@gmail.com,2024-02-23,Ahmedabad,Gujarat
948,Swati,Gupta,swati_gupta948@gmail.com,2024-10-04,Delhi,Delhi
949,Yash,Sharma,yash_sharma949@gmail.com,2025-07-17,Bangalore,Karnataka
950,Harsha,Rao,harsha_rao950@gmail.com,2024-02-03,Bhopal,Madhya Pradesh
951,Arjun,Malhotra,arjun_malhotra951@gmail.com,2025-02-05,Mumbai,Maharashtra
952,Meera,Shetty,meera_shetty952@gmail.com,2024-09-20,Bhopal,Madhya Pradesh
953,Varun,Verma,varun_verma953@gmail.com,2025-01-08,Kolkata,West Bengal
954,Reyansh,Pandey,reyansh_pandey954@gmail.com,2024-11-02,Chennai,Tamil Nadu
955,Rahul,Pandey,rahul_pandey955@gmail.com,2025-06-19,Nagpur,Maharashtra
956,Vikram,Gupta,vikram_gupta956@gmail.com,2025-05-16,Bhopal,Madhya Pradesh
957,Pooja,Pillai,pooja_pillai957@gmail.com,2025-02-05,Lucknow,Uttar Pradesh
958,Omkar,Chatterjee,omkar_chatterjee958@gmail.com,2024-09-01,Pune,Maharashtra
959,Meera,Sharma,meera_sharma959@gmail.com,2024-04-04,Ahmedabad,Gujarat
960,Saanvi,Naidu,saanvi_naidu960@gmail.com,2025-03-19,Kochi,Kerala
961,Varun,Pandey,varun_pandey961@gmail.com,2024-11-12,Chennai,Tamil Nadu
962,Vikram,Joshi,vikram_joshi962@gmail.com,2025-03-31,Bangalore,Karnataka
963,Ananya,Reddy,ananya_reddy963@gmail.com,2024-02-03,Chandigarh,Chandigarh
964,Tejas,Sharma,tejas_sharma964@gmail.com,2024-01-23,Hyderabad,Telangana
965,Ishaan,Verma,ishaan_verma965@gmail.com,2024-11-23,Kolkata,West Bengal
966,Reyansh,Sharma,reyansh_sharma966@gmail.com,2025-07-25,Chennai,Tamil Nadu
967,Meera,Nair,meera_nair967@gmail.com,2025-02-16,Indore,Madhya Pradesh
968,Vivaan,Agarwal,vivaan_agarwal968@gmail.com,2025-03-06,Jaipur,Rajasthan
969,Diya,Iyer,diya_iyer969@gmail.com,2025-08-24,Nagpur,Maharashtra
970,Saanvi,Bansal,saanvi_bansal970@gmail.com,2024-06-24,Kochi,Kerala
971,Aadhya,Shetty,aadhya_shetty971@gmail.com,2025-07-09,Indore,Madhya Pradesh
972,Deepika,Tiwari,deepika_tiwari972@gmail.com,2025-01-21,Bhopal,Madhya Pradesh
973,Manish,Patel,manish_patel973@gmail.com,2024-11-05,Chandigarh,Chandigarh
974,Priya,Das,priya_das974@gmail.com,2024-10-19,Pune,Maharashtra
975,Vikram,Verma,vikram_verma975@gmail.com,2025-07-13,Chennai,Tamil Nadu
976,Priya,Pillai,priya_pillai976@gmail.com,2024-09-04,Nagpur,Maharashtra
977,Aarav,Das,aarav_das977@gmail.com,2024-11-11,Delhi,Delhi
978,Sneha,Joshi,sneha_joshi978@gmail.com,2024-04-07,Bangalore,Karnataka
979,Aditya,Agarwal,aditya_agarwal979@gmail.com,2025-02-21,Mumbai,Maharashtra
980,Reyansh,Chatterjee,reyansh_chatterjee980@gmail.com,2025-01-17,Bhopal,Madhya Pradesh
981,Tejas,Yadav,tejas_yadav981@gmail.com,2024-11-21,Chennai,Tamil Nadu
982,Deepika,Pandey,deepika_pandey982@gmail.com,2024-09-27,Bangalore,Karnataka
983,Vikram,Nair,vikram_nair983@gmail.com,2024-01-29,Chandigarh,Chandigarh
984,Nikhil,Malhotra,nikhil_malhotra984@gmail.com,2025-01-28,Nagpur,Maharashtra
985,Shaurya,Desai,shaurya_desai985@gmail.com,2024-09-09,Nagpur,Maharashtra
986,Arjun,Das,arjun_das986@gmail.com,2025-06-08,Kochi,Kerala
987,Saanvi,Desai,saanvi_desai987@gmail.com,2025-01-31,Kolkata,West Bengal
988,Yash,Tiwari,yash_tiwari988@gmail.com,2025-08-05,Hyderabad,Telangana
989,Yash,Ghosh,yash_ghosh989@gmail.com,2025-02-18,Mumbai,Maharashtra
990,Sneha,Pandey,sneha_pandey990@gmail.com,2024-11-01,Chandigarh,Chandigarh
991,Sneha,Chatterjee,sneha_chatterjee991@gmail.com,2024-04-14,Kolkata,West Bengal
992,Shaurya,Chatterjee,shaurya_chatterjee992@gmail.com,2025-04-26,Jaipur,Rajasthan
993,Yash,Saxena,yash_saxena993@gmail.com,2025-11-08,Indore,Madhya Pradesh
994,Aditya,Tiwari,aditya_tiwari994@gmail.com,2025-11-17,Bangalore,Karnataka
995,Krishna,Verma,krishna_verma995@gmail.com,2024-09-07,Delhi,Delhi
996,Karan,Shetty,karan_shetty996@gmail.com,2025-11-06,Nagpur,Maharashtra
997,Lavanya,Sharma,lavanya_sharma997@gmail.com,2025-03-04,Chandigarh,Chandigarh
998,Shruti,Patel,shruti_patel998@gmail.com,2025-06-17,Indore,Madhya Pradesh
999,Aarav,Gupta,aarav_gupta999@gmail.com,2025-02-09,Chandigarh,Chandigarh
1000,Nikhil,Choudhary,nikhil_choudhary1000@gmail.com,2024-06-29,Ahmedabad,Gujarat
